Instrument,Company Common Name,Price Close,Volatility - 30 days,Volatility - 90 days
PG.N,Procter & Gamble Co,140.76,18.7592286575845,15.8563200609106
FDS.N,Factset Research Systems Inc,291.55,25.3478903948479,34.1208242215072
ODFL.OQ,Old Dominion Freight Line Inc,158.92,39.1684951901884,34.5352792371678
GEHC.OQ,GE Healthcare Technologies Inc,86.05,30.8658591293058,28.3265583363206
UAL.OQ,United Airlines Holdings Inc,108.39,45.1783478009853,41.3762091916485
FCX.N,Freeport-McMoRan Inc,48.11,36.9208557656297,47.8630793493931
NOC.N,Northrop Grumman Corp,560.04,17.9922878624692,17.1524620429512
SNDK.OQ,Sandisk Corp,241.61,124.036552638642,105.427484542982
EVRG.OQ,Evergy Inc,73.37,14.7839726614886,13.2603950427365
ETN.N,Eaton Corporation PLC,350.36,31.4222574586061,27.0291772948676
TAP.N,Molson Coors Beverage Co,47.06,30.0840393209392,25.3986457844249
LIN.OQ,Linde PLC,403.3,18.3963450625067,15.4647470443313
AMZN.OQ,Amazon.com Inc,230.28,39.5265205953914,31.112691386891
MNST.OQ,Monster Beverage Corp,72.49,23.2189025150856,23.6920337820529
ESS.N,Essex Property Trust Inc,258.13,16.3178284774068,17.9761919285984
JNJ.N,Johnson & Johnson,210.01,16.4146701473886,13.8025746689425
NVDA.OQ,NVIDIA Corp,180.93,35.9610596630759,33.0722485069049
PNR.N,Pentair PLC,105.89,21.6372785134933,21.7082536353181
OMC.N,Omnicom Group Inc,80.07,32.6530832360067,28.8358363877291
URI.N,United Rentals Inc,833.85,25.0847812922597,29.1500186717527
EPAM.N,Epam Systems Inc,211.11,27.5159344291189,35.570520341318
SNPS.OQ,Synopsys Inc,477.26,36.7321612857252,86.7005272936309
CHRW.OQ,CH Robinson Worldwide Inc,159.8,55.4389850464417,36.1710753066811
CPT.N,Camden Property Trust,104.17,17.1336653699978,18.2258137330404
XYZ.N,Block Inc,63.61,50.4962650345382,42.4627620746047
EQR.N,Equity Residential,60.63,16.3902874472727,18.7443675141761
ROK.N,Rockwell Automation Inc,413.05,26.0792327954047,24.5216972777488
PRU.N,Prudential Financial Inc,117.05,18.0782180996271,20.8229141957447
CARR.N,Carrier Global Corp,54.15,27.5759073351298,27.761992081494
CAT.N,Caterpillar Inc,625.61,27.1449245375086,31.454909797617
GDDY.N,GoDaddy Inc,126.05,23.3409802763618,31.6777348991677
SPGI.N,S&P Global Inc,497.56,18.466024223734,20.8655566555786
LW.N,Lamb Weston Holdings Inc,59.48,27.2249854991301,30.3531206082725
EXE.OQ,Expand Energy Corp,114.33,32.7997114597082,29.3704682307628
WY.N,Weyerhaeuser Co,23.2,25.3684687688847,24.8793344994472
MRNA.OQ,Moderna Inc,29.63,74.1235882995556,58.2996158144022
ORLY.OQ,O'Reilly Automotive Inc,93.96,22.239353743994,19.2215015086524
T.N,AT&T Inc,24.3,15.1380194963227,19.5173081391282
GNRC.N,Generac Holdings Inc,167.65,52.3633349391516,44.1020527267194
CTSH.OQ,Cognizant Technology Solutions Corp,83.82,22.6859878156221,24.4570381568646
VRSK.OQ,Verisk Analytics Inc,216.29,22.89124401768,28.2789008631038
ORCL.N,Oracle Corp,198.85,54.4243714685974,71.3173367376151
XOM.N,Exxon Mobil Corp,119.54,16.8408791809548,17.2590170434879
HSIC.OQ,Henry Schein Inc,76.24,36.3689072474729,27.9563314329466
LYV.N,Live Nation Entertainment Inc,141.87,44.2083292834824,31.1496676045
SW.N,Smurfit WestRock PLC,38.01,35.3242866483876,39.1772194548236
LVS.N,Las Vegas Sands Corp,66.2,24.1528335200258,36.3617027698328
CBRE.N,CBRE Group Inc,160.46,23.0964114737384,21.9280916827817
HAS.OQ,Hasbro Inc,83.96,20.8944659685624,22.516478191571
ECL.N,Ecolab Inc,261.33,19.3132079877205,20.0692620561256
EMR.N,Emerson Electric Co,139.57,26.9328289500478,25.9081912945651
CNC.N,Centene Corp,40.46,49.8944447616969,48.6894390589971
SBUX.OQ,Starbucks Corp,84.74,30.9383591754961,27.1825189271973
WFC.N,Wells Fargo & Co,92.59,18.7699430867785,24.5943924233593
APH.N,Amphenol Corp,139.09,32.1287493543489,28.9106651337223
PLD.N,Prologis Inc,130.56,12.5168563646447,22.0697892281302
KO.N,Coca-Cola Co,69.11,15.3655548654163,15.4396191782351
PHM.N,Pultegroup Inc,127.57,30.365850880892,30.371433271665
DHR.N,Danaher Corp,232.37,18.3475777561405,28.7568511562868
AXON.OQ,Axon Enterprise Inc,581.03,43.899127267794,42.856061175635
STT.N,State Street Corp,129.6,19.0129842337389,22.0175856888901
BK.N,Bank of New York Mellon Corp,118.68,16.5673909917831,16.8059622110565
IT.N,Gartner Inc,232.66,35.4022469058786,37.3333890409569
SYF.N,Synchrony Financial,85.66,24.7917052207971,25.5906954873701
UPS.N,United Parcel Service Inc,100.48,28.4553993536775,25.3615988595698
MKC.N,McCormick & Company Inc,65.94,19.0737041562693,22.4880410057905
AVY.N,Avery Dennison Corp,181.66,22.0186458797749,25.4351977649929
COO.OQ,Cooper Companies Inc,82.11,30.9951377156867,37.984530780799
LULU.OQ,Lululemon Athletica Inc,187.01,34.0687540039137,48.5958270978001
IRM.N,Iron Mountain Inc,88.03,35.9240710083615,32.0693678169999
KEY.N,KeyCorp,20.69,23.1460413944276,25.4157321935193
EW.N,Edwards Lifesciences Corp,84.24,20.3312655952353,20.3341698393071
MS.N,Morgan Stanley,180.29,21.5505098200365,21.3639972560638
CAH.N,Cardinal Health Inc,198.32,43.6809885147674,33.8679390485869
DXCM.OQ,Dexcom Inc,68.94,58.2656703405658,46.7182851320031
FIS.N,Fidelity National Information Services Inc,67.24,20.4783684232948,24.478917531066
WELL.N,Welltower Inc,184.97,21.1394524746538,19.1118567907602
GOOGL.OQ,Alphabet Inc,312.43,33.6865102309463,29.8899487174956
OTIS.N,Otis Worldwide Corp,87.73,15.0722097778686,16.2128339173563
CRM.N,Salesforce Inc,262.35,33.4845669180754,32.5051661634497
LRCX.OQ,Lam Research Corp,168.71,46.8721384376168,45.333005306037
YUM.N,Yum! Brands Inc,148.12,27.6370676851814,22.2048920863296
ARES.N,Ares Management Corp,176.87,32.1924048145349,33.9855658824124
JKHY.OQ,Jack Henry & Associates Inc,187.18,20.6916604849682,21.1441780767233
AEP.OQ,American Electric Power Company Inc,114.26,15.5646448091523,17.51477022035
ALL.N,Allstate Corp,206.82,18.8595090742078,21.425167678873
VRSN.OQ,"VeriSign, Inc",244.07,21.3404049290488,21.5802570663965
PEP.OQ,PepsiCo Inc,149.04,16.4522406851265,19.474981316588
AJG.N,Arthur J. Gallagher & Co.,247.62,27.5405020601558,23.954732671139
MO.N,Altria Group Inc,58.72,26.596524206739,20.8054082294796
SWKS.OQ,Skyworks Solutions Inc,68.25,35.3593585205369,36.1256780844687
PPG.N,PPG Industries Inc,102.76,21.5098376536272,22.9402477822484
CRL.N,Charles River Laboratories International Inc,194.43,35.5591507587624,41.5229134361757
NSC.N,Norfolk Southern Corp,294.06,13.8238395899793,14.382805126554
CDNS.OQ,Cadence Design Systems Inc,335.43,25.6994881147557,30.287744995271
CB.N,Chubb Ltd,305.98,15.6244849789481,16.739912074688
AZO.N,Autozone Inc,3469.1,29.5175326326123,23.1580497102712
WBD.OQ,Warner Bros Discovery Inc,29.49,36.6312839464239,66.0162615359881
KMB.OQ,Kimberly-Clark Corp,103.45,48.9327184796529,31.2618631416704
HUM.N,Humana Inc,266.49,43.6987454189316,45.6828059997695
IBM.N,International Business Machines Corp,310.74,23.0676905362563,26.485666723863
JCI.N,Johnson Controls International PLC,118.06,29.203150988696,22.7563457619971
APD.N,Air Products and Chemicals Inc,243.73,43.1231465938183,29.4087758778233
A.N,Agilent Technologies Inc,142.87,25.0492878450868,28.0925030226802
WEC.N,WEC Energy Group Inc,103.48,13.6562920350157,14.2160364221622
TROW.OQ,T Rowe Price Group Inc,104.96,21.9555859795416,23.8624306252582
HST.OQ,Host Hotels & Resorts Inc,18.13,30.9398905210334,25.0104087475456
PGR.N,Progressive Corp,230.44,20.0065169839302,21.7889197715275
FRT.N,Federal Realty Investment Trust,98.78,15.5997022939377,17.3747952443966
AES.N,AES Corp,14.0,25.5981103775453,38.0334382985406
MHK.N,Mohawk Industries Inc,112.66,33.3599372706308,35.7103106443396
FAST.OQ,Fastenal Co,41.75,18.2699411880259,23.7057088761872
COR.N,Cencora Inc,344.5,23.605584508031,23.8350302211362
ROST.OQ,Ross Stores Inc,183.13,25.319778692284,22.8015126894921
PSA.N,Public Storage,273.71,20.9820458207188,19.4816701527197
CCL.N,Carnival Corp,27.84,48.6349052720695,38.2924890119543
DIS.N,Walt Disney Co,111.46,31.6621494198457,22.7213198943225
DOW.N,Dow Inc,24.58,41.8334698015375,44.2545272288835
FSLR.OQ,First Solar Inc,272.83,53.902340005164,49.9046110162587
USB.N,US Bancorp,53.58,20.5972066669125,21.4166251863963
CI.N,Cigna Group,272.26,63.1865094582105,41.2408451784105
HII.N,Huntington Ingalls Industries Inc,326.72,33.293573647246,25.0011024225217
TTWO.OQ,Take-Two Interactive Software Inc,242.41,30.4647587875323,26.2374948580533
LKQ.OQ,LKQ Corp,31.04,37.5035232888089,29.8515555000904
AON.N,Aon PLC,347.4,18.3856408299146,18.0639481401602
ITW.N,Illinois Tool Works Inc,257.41,16.2731272976674,18.6130637432801
PYPL.OQ,PayPal Holdings Inc,61.69,30.8835995186851,33.9290770855037
MTD.N,Mettler-Toledo International Inc,1421.58,22.901337479879,26.9069569085779
MU.OQ,Micron Technology Inc,258.46,69.1939854658307,57.1030922936554
NWS.OQ,News Corp,29.56,27.7895823103501,26.7807242990218
CLX.N,Clorox Co,102.83,25.4743106775784,22.235912823963
TTD.OQ,Trade Desk Inc,37.02,39.3987967890506,91.756352704688
RL.N,Ralph Lauren Corp,367.62,32.6554636573438,30.8692877465357
AVB.N,AvalonBay Communities Inc,176.07,12.731397767269,16.8738099149451
DPZ.OQ,Domino's Pizza Inc,433.67,22.9508739287069,21.517990537911
ON.OQ,ON Semiconductor Corp,55.97,45.8986519347927,45.6559535445237
RMD.N,Resmed Inc,252.39,22.525493633316,20.2369962600332
PWR.N,Quanta Services Inc,466.91,30.3802756477974,30.2328111296075
MPWR.OQ,Monolithic Power Systems Inc,981.48,43.0226758608792,42.4084822952019
RVTY.N,Revvity Inc,103.92,34.7073243246006,34.4662490878253
DRI.N,Darden Restaurants Inc,183.3,25.1814661148386,24.2686779382354
CF.N,CF Industries Holdings Inc,78.66,28.1562360136598,31.1787497543206
DOC.N,Healthpeak Properties Inc,16.68,22.7615718342654,22.3782539056822
BLDR.N,Builders FirstSource Inc,109.87,45.7069324403152,45.0968114595728
ROL.N,Rollins Inc,59.49,27.9701604826154,23.0425397458288
FISV.OQ,Fiserv Inc,68.16,37.2369031772863,99.7868006652019
TPR.N,Tapestry Inc,123.49,46.5603074666092,46.3365029639787
SYY.N,Sysco Corp,74.23,17.9388945558571,18.7725700436413
ACN.N,Accenture PLC,270.37,28.6579252446223,26.6917468884344
CFG.N,Citizens Financial Group Inc,58.35,23.6809921915168,26.4539460344873
NVR.N,NVR Inc,7511.16,20.7744214194709,23.0483723411741
PODD.OQ,Insulet Corp,294.17,45.8932785719138,36.1532724596372
FE.N,FirstEnergy Corp,44.08,14.2416042781101,12.8619996362199
EBAY.OQ,eBay Inc,84.4,55.2604507614991,38.9568076196528
KEYS.N,Keysight Technologies Inc,214.14,39.6547343463709,32.0309732004259
NWSA.OQ,News Corp,26.1,27.3041264697804,25.7724245267141
WSM.N,Williams-Sonoma Inc,189.28,31.280562896608,31.5368758807223
NEM.N,Newmont Corporation,99.42,44.5172099941803,42.8452512544677
AIG.N,American International Group Inc,82.85,28.1733464774091,23.9831557758887
WYNN.OQ,Wynn Resorts Ltd,124.85,36.7456785142509,37.7969363132431
VRTX.OQ,Vertex Pharmaceuticals Inc,445.93,29.0702982645353,24.8382018229083
CTAS.OQ,Cintas Corp,188.83,15.0592850623046,18.143028028258
BALL.N,Ball Corp,49.21,29.609968730154,24.3188276578497
SJM.N,J M Smucker Co,100.91,22.5603183661382,24.9432688494621
PM.N,Philip Morris International Inc,150.95,22.4172568356459,23.3012432454127
MTB.N,M&T Bank Corp,205.75,20.3429011930178,21.3542085094101
MGM.N,MGM Resorts International,37.44,32.5012896201968,32.1069113077291
IQV.N,IQVIA Holdings Inc,225.98,21.5863252264609,28.9923635605595
OXY.N,Occidental Petroleum Corp,41.2,20.5786002212702,27.7419219762036
NXPI.OQ,NXP Semiconductors NV,231.83,36.981917495068,36.6980768628981
HOLX.OQ,Hologic Inc,74.83,3.10629595430744,21.2102257946314
TDG.N,TransDigm Group Inc,1317.49,16.0393440862976,20.8639585743039
HRL.N,Hormel Foods Corp,23.71,18.5603586487015,32.863615389527
APP.OQ,Applovin Corp,716.98,54.2030039082867,60.6519498430806
GS.N,Goldman Sachs Group Inc,911.03,25.0749340779363,23.6851432713839
NDAQ.OQ,Nasdaq Inc,93.85,15.5588990709911,18.8059688379632
NEE.N,Nextera Energy Inc,81.21,19.7211055167821,21.8126318069658
DAL.N,Delta Air Lines Inc,70.56,40.543388220934,38.4356909239907
DVA.N,DaVita Inc,120.33,29.038796713074,29.2069274489427
GD.N,General Dynamics Corp,341.48,16.0216177855905,15.4671488524501
GWW.N,WW Grainger Inc,1032.39,22.7638747423575,20.8615103646826
L.N,Loews Corp,104.65,13.7801515991666,13.6319708464066
FANG.OQ,Diamondback Energy Inc,157.04,24.1353108539525,26.9817755093414
GEN.OQ,Gen Digital Inc,27.78,22.0134806952858,23.8921192689982
SRE.N,Sempra,88.97,17.9249302942749,19.6482739895078
POOL.OQ,Pool Corp,240.29,29.1114122702768,30.1724914457021
BBY.N,Best Buy Co Inc,74.97,28.830052633672,33.6652001663049
WTW.OQ,Willis Towers Watson PLC,325.58,18.1071808323432,17.3424351459108
CL.N,Colgate-Palmolive Co,77.25,20.3218924592721,18.5794362178361
MRK.N,Merck & Co Inc,99.01,32.0437891972101,29.0067535696451
CPRT.OQ,Copart Inc,38.69,23.3347206061482,21.9560423056342
MA.N,Mastercard Inc,563.37,21.4153762783409,18.5056961175657
UDR.N,UDR Inc,35.62,15.8308285358898,18.5541513799052
AAPL.OQ,Apple Inc,278.03,14.0450266424303,23.1190427046921
EXPE.OQ,Expedia Group Inc,281.15,60.7826460433749,44.1257107429404
GPC.N,Genuine Parts Co,133.96,21.8246083511939,19.9240618980263
NI.N,NiSource Inc,41.69,16.0271772957112,18.8614716238464
SYK.N,Stryker Corp,352.97,22.4581039052103,19.3159302650253
HON.OQ,Honeywell International Inc,193.85,16.7032403143718,19.9860778136626
ADI.OQ,Analog Devices Inc,283.39,30.9767813770758,28.9128096647877
VLO.N,Valero Energy Corp,171.91,30.4138678214861,28.9452645011711
STX.OQ,Seagate Technology Holdings PLC,307.845,63.7392339182427,59.1008470938881
PNC.N,PNC Financial Services Group Inc,211.49,18.9121122593081,20.6850962700402
MMM.N,3M Co,168.6,20.4397244941733,24.3445499632458
AMCR.N,Amcor PLC,8.33,18.964111822174,28.4243558875716
DOV.N,Dover Corp,201.28,18.8218987072298,23.9697733118862
PCG.N,PG&E Corp,14.83,20.2503097306335,26.5795316006593
DASH.OQ,DoorDash Inc,224.52,73.0494247814053,49.4658385880846
IFF.N,International Flavors & Fragrances Inc,63.25,31.3262946145451,27.4873728282656
PAYC.N,Paycom Software Inc,166.08,39.1031939881013,34.1628953615133
TSCO.OQ,Tractor Supply Co,51.81,23.5184948001278,20.6782668057173
MOH.N,Molina Healthcare Inc,166.9,44.8587338960077,49.3115637396058
FTV.N,Fortive Corp,55.46,18.5862976331495,19.9353576405123
KDP.OQ,Keurig Dr Pepper Inc,29.47,20.0831513345352,35.1013644431356
MCO.N,Moody's Corp,485.51,16.2618818437208,21.0601323282533
STZ.N,Constellation Brands Inc,149.55,21.887016598532,25.9367672683211
LEN.N,Lennar Corp,119.15,40.0977209795829,34.8233002343706
PSKY.OQ,Paramount Skydance Corp,14.12,64.9302788681167,84.6074318189312
ALGN.OQ,Align Technology Inc,163.87,36.0579854696127,34.8029872114338
NTRS.OQ,Northern Trust Corp,140.09,20.5372702849903,21.4815432719704
MTCH.OQ,Match Group Inc,33.18,25.5540221469865,31.6452224707667
SHW.N,Sherwin-Williams Co,329.3,19.991056362763,22.2446183369983
GE.N,General Electric Co,288.42,22.258615091027,22.6157892460176
MSI.N,Motorola Solutions Inc,368.05,22.6102406169386,21.1658777344506
KVUE.N,Kenvue Inc,17.32,37.7577534817438,46.6808427787503
TMO.N,Thermo Fisher Scientific Inc,578.9,17.5866472148889,27.2559689594878
DDOG.OQ,Datadog Inc,149.9,72.1045586768236,52.6368898632758
FOXA.OQ,Fox Corp,71.82,26.2110208984566,28.3949918641931
WDAY.OQ,Workday Inc,224.04,35.6366570827816,33.1353711047107
MCK.N,McKesson Corp,815.54,24.6372530719631,26.2588037383889
DAY.N,Dayforce Inc,69.16,2.70754256505989,40.4755493445763
BMY.N,Bristol-Myers Squibb Co,51.2,34.1720062788898,27.0673241158914
CEG.OQ,Constellation Energy Corp,378.6,40.7378297363789,40.8902572774648
CHTR.OQ,Charter Communications Inc,212.06,36.1439473161762,29.7631382525867
ELV.N,Elevance Health Inc,360.22,35.7696147038403,29.8014218022044
CHD.N,Church & Dwight Co Inc,83.57,27.0370669548685,22.5266554016868
APO.N,Apollo Global Management Inc,150.33,34.4765018708363,32.7878342558516
Q.N,Qnity Electronics Inc,84.8,52.3554745583711,
CPB.OQ,Campbell's Co,28.43,26.492537875186,28.4115006640667
PLTR.OQ,Palantir Technologies Inc,187.54,56.4775991514141,47.66728097688
AFL.N,Aflac Inc,108.85,16.3341337401494,16.3781055595974
DD.N,Dupont De Nemours Inc,41.49,34.0790055173698,28.8455230523785
HAL.N,Halliburton Co,29.12,24.6251676722845,36.8541362082373
NUE.N,Nucor Corp,166.57,25.9629251137256,29.3040518326974
LHX.N,L3Harris Technologies Inc,289.86,25.4386354467855,21.636028314379
PNW.N,Pinnacle West Capital Corp,86.75,11.3113581026228,13.9440017728143
INCY.OQ,Incyte Corp,96.1,37.7389041050021,29.2986173709856
COF.N,Capital One Financial Corp,239.29,25.2710306107343,28.05950386767
OKE.N,ONEOK Inc,73.62,21.7571501711437,20.0867983402866
BIIB.OQ,Biogen Inc,172.5,27.9435412090331,32.3622521467952
BSX.N,Boston Scientific Corp,91.75,22.9196170843559,20.24652999831
AIZ.N,Assurant Inc,228.02,17.2742251745764,26.547277264844
RTX.N,RTX Corp,177.42,19.628508159501,22.5672760076202
MPC.N,Marathon Petroleum Corp,187.11,31.0425828648473,25.9687141493986
TECH.OQ,Bio-Techne Corp,60.26,35.104685213965,41.9140675450498
BEN.N,Franklin Resources Inc,23.47,25.4183349957585,24.0093095034945
BX.N,Blackstone Inc,154.11,24.1418757946691,27.5093047831426
TXT.N,Textron Inc,86.85,15.8932667174708,20.7712265735959
FDX.N,FedEx Corp,284.78,24.6716067050092,24.9501116105929
TRMB.OQ,Trimble Inc,83.34,29.839639275783,26.6411827718616
VTRS.OQ,Viatris Inc,11.59,39.216888358516,31.6585836826579
ALLE.N,Allegion PLC,164.71,18.6288687351225,19.3248054008204
BKR.OQ,Baker Hughes Co,47.46,28.7425256669367,27.2793370554766
CDW.OQ,CDW Corp,149.86,36.1164518318866,29.9995371914436
RF.N,Regions Financial Corp,27.84,21.2169041420936,24.2770426721606
SBAC.OQ,SBA Communications Corp,192.83,20.0043304087008,21.0889759286026
AME.N,AMETEK Inc,203.84,26.9292321726526,20.8531025926444
XYL.N,Xylem Inc,140.06,15.579453798455,15.7324047474189
SPG.N,Simon Property Group Inc,181.85,15.8719879009907,16.7104009158354
ADP.OQ,Automatic Data Processing Inc,264.69,16.2612645778988,18.5270179884497
FICO.N,Fair Isaac Corp,1825.83,32.7101404026973,46.6808932491518
EIX.N,Edison International,57.93,20.8104231795381,24.4166290559847
HLT.N,Hilton Worldwide Holdings Inc,278.18,23.3341002145032,21.7279596659595
GM.N,General Motors Co,80.85,26.2626979670923,32.1470574516505
ABNB.OQ,Airbnb Inc,128.0,27.8179472510363,27.102515337223
EG.N,Everest Group Ltd,324.38,20.1607283937242,28.7065674798845
HIG.N,Hartford Insurance Group Inc,135.29,18.7592829101086,17.491648518853
ZBH.N,Zimmer Biomet Holdings Inc,92.45,52.542156864061,37.0529574429339
V.N,Visa Inc,345.63,22.5740765870667,19.302668615777
LNT.OQ,Alliant Energy Corp,64.93,14.6060055185336,13.7272179515834
DE.N,Deere & Co,475.94,25.7258343562125,24.1109810526685
DECK.N,Deckers Outdoor Corp,101.36,36.596625456416,46.069072444777
SOLS.OQ,Solstice Advanced Materials Inc,50.28,56.8956479711952,
MSCI.N,MSCI Inc,549.61,17.1844121447409,25.9715752636891
HOOD.OQ,Robinhood Markets Inc,123.38,84.6233094848369,69.4296246334808
VLTO.N,Veralto Corp,98.73,23.1057111861928,18.6119343686542
AOS.N,A O Smith Corp,68.58,20.4145258328538,21.4529159551481
VST.N,Vistra Corp,174.6,44.8509172031235,45.873966910099
BAX.N,Baxter International Inc,18.9,54.8789324590552,39.7059983586559
UHS.N,Universal Health Services Inc,224.58,25.8316386962838,23.9560970527473
INTC.OQ,Intel Corp,39.51,58.9879976090079,63.3406556233986
LDOS.N,Leidos Holdings Inc,190.53,22.9904852333654,20.4680563392924
LH.N,Labcorp Holdings Inc,264.73,21.7118014160163,22.6905323794706
PH.N,Parker-Hannifin Corp,899.13,26.8360028193345,24.4212101754321
BRO.N,Brown & Brown Inc,79.55,20.7487576869513,23.61453459877
TSN.N,Tyson Foods Inc,59.56,29.0174656111466,22.9302169102291
FOX.OQ,Fox Corp,63.44,27.796260872333,28.5684984799388
XEL.OQ,Xcel Energy Inc,74.68,16.2651076910973,17.6347668415659
TYL.N,Tyler Technologies Inc,453.73,21.89067185174,26.2842273758068
CAG.N,Conagra Brands Inc,17.6,20.1502970488537,23.532246929759
ISRG.OQ,Intuitive Surgical Inc,547.36,23.6357893178592,34.0584035589154
KKR.N,KKR & Co Inc,142.77,30.4221600842391,33.6357046423871
ALB.N,Albemarle Corp,134.59,59.5146125127716,63.0220049878005
PPL.N,PPL Corp,33.46,16.8439579188516,15.0618211374627
JBHT.OQ,J B Hunt Transport Services Inc,199.55,27.703943189307,44.6992156801995
VMC.N,Vulcan Materials Co,299.27,20.4683830767815,19.1681197948024
HSY.N,Hershey Co,181.58,25.1225087771603,23.9862566502778
EOG.N,EOG Resources Inc,109.51,18.1767737623524,20.4016299538196
AKAM.OQ,Akamai Technologies Inc,85.45,48.456102254817,36.0814209027968
PCAR.OQ,Paccar Inc,112.79,29.2735791002238,26.413137867137
KIM.N,Kimco Realty Corp,20.13,16.9381236970747,17.5386289947435
WAB.N,Westinghouse Air Brake Technologies Corp,217.77,20.9272735869475,21.2061098310079
ETR.N,Entergy Corp,93.32,17.0354618208701,16.749814069008
EXC.OQ,Exelon Corp,43.09,18.503776947739,15.9029596483683
ZTS.N,Zoetis Inc,117.66,49.0816152203705,31.4725107441923
MAS.N,Masco Corp,64.69,24.8134634701038,27.016242825265
MCD.N,McDonald's Corp,309.71,19.239108832425,15.7503424590662
AVGO.OQ,Broadcom Inc,406.37,45.6912894089096,44.7368067826196
CVS.N,CVS Health Corp,80.83,28.8411004609318,23.9107692143439
LOW.N,Lowe's Companies Inc,248.08,25.62505599601,22.357288702039
ICE.N,Intercontinental Exchange Inc,163.1,17.3063490523378,18.5497045107932
NDSN.OQ,Nordson Corp,234.43,15.9211358045124,19.2830112811055
LII.N,Lennox International Inc,514.86,27.4667984703406,34.1820095559369
INVH.N,Invitation Homes Inc,26.55,21.2828772583034,18.6364146876827
HCA.N,HCA Healthcare Inc,482.35,27.252931438975,23.6839033302692
BKNG.OQ,Booking Holdings Inc,5279.68,30.7613616149622,26.0591143149022
DELL.N,Dell Technologies Inc,138.6,45.4906871555519,45.7353653151333
APTV.N,Aptiv PLC,79.9,35.0932304142256,30.0793406709721
MOS.N,Mosaic Co,25.19,36.5905255318426,42.3488927588469
SMCI.OQ,Super Micro Computer Inc,34.02,60.3188900037442,65.4013615981478
BAC.N,Bank of America Corp,54.56,17.0375101505746,19.842482156948
MSFT.OQ,Microsoft Corp,483.47,22.6065914710998,17.9398752790903
AMP.N,Ameriprise Financial Inc,498.61,27.2798545571633,22.6025893534613
HPQ.N,HP Inc,25.41,38.8884761599177,35.2749535640453
GIS.N,General Mills Inc,46.23,17.0204211910886,19.2335277518751
AEE.N,Ameren Corp,97.25,16.1534212467984,13.9131619676022
ABT.N,Abbott Laboratories,123.28,19.313357875084,17.5643695764331
DLR.N,Digital Realty Trust Inc,158.82,22.5040930450838,23.5836933880207
ULTA.OQ,Ulta Beauty Inc,593.41,42.329420933288,35.4340898563545
FTNT.OQ,Fortinet Inc,82.47,32.1922070756466,50.51504549239
CME.OQ,CME Group Inc,272.405,17.3619933321445,16.9413158439175
IBKR.OQ,Interactive Brokers Group Inc,66.06,40.4505116475629,36.4162739262631
TT.N,Trane Technologies PLC,403.38,23.8953780970421,21.1857413663615
WMT.OQ,Walmart Inc,115.52,25.0325163213117,23.1206855238153
UBER.N,Uber Technologies Inc,85.44,38.7163552320592,32.9989672611196
INTU.OQ,Intuit Inc,676.01,25.9016113770255,25.1971206599364
CTRA.N,Coterra Energy Inc,26.49,30.0534492758405,26.4471515859024
NTAP.OQ,NetApp Inc,119.11,27.7909705001698,27.5580725126389
F.N,Ford Motor Co,13.63,24.0561251026219,32.1208706146084
UNH.N,UnitedHealth Group Inc,336.73,30.8479720604388,34.988028241642
WMB.N,Williams Companies Inc,60.92,26.327360702905,22.3811490322239
IVZ.N,Invesco Ltd,27.0,31.0126173100239,27.0476767168686
TGT.N,Target Corp,96.97,30.6638107066107,29.1026362868551
BXP.N,BXP Inc,71.62,20.5683086189254,26.7747519374126
VTR.N,Ventas Inc,77.27,22.3102199222225,18.0015295748782
CMI.N,Cummins Inc,523.41,29.4271210631853,26.7945550421595
DGX.N,Quest Diagnostics Inc,181.57,18.7401060175755,19.5460986438541
EA.OQ,Electronic Arts Inc,203.66,3.4226246341346,28.5871807615204
SOLV.N,Solventum Corp,82.79,33.1813032612419,26.695817945165
RJF.N,Raymond James Financial Inc,163.91,22.2405297610234,22.2944037754744
CPAY.N,Corpay Inc,316.3,35.3231891540339,31.1847469640378
CVX.N,Chevron Corp,150.72,19.0009097198109,17.549117221685
ERIE.OQ,Erie Indemnity Co,278.96,31.4039481019613,29.6024920547125
HPE.N,Hewlett Packard Enterprise Co,24.54,38.7750723084345,37.0920291674476
BRKb.N,Berkshire Hathaway Inc,495.85,14.2101956916971,13.1222643669519
PKG.N,Packaging Corp of America,205.3,27.3285886563823,26.1506760166994
IDXX.OQ,IDEXX Laboratories Inc,707.5,48.4497828180087,33.731454575189
CBOE.Z,Cboe Global Markets Inc,251.1,16.801017976421,18.7506919177977
HBAN.OQ,Huntington Bancshares Inc,17.91,20.6608491056221,24.6911623394456
COST.OQ,Costco Wholesale Corp,884.48,17.3440572337266,17.8830083206015
NCLH.N,Norwegian Cruise Line Holdings Ltd,20.55,59.6434704265235,43.9277630550796
KR.N,Kroger Co,62.21,26.0639284786662,23.6945077382188
ZBRA.OQ,Zebra Technologies Corp,273.54,35.7816576034607,40.8781457459397
ADM.N,Archer-Daniels-Midland Co,59.92,31.2785304794166,25.5061855943073
FITB.OQ,Fifth Third Bancorp,48.39,23.2724734452775,24.9555821390234
REGN.OQ,Regeneron Pharmaceuticals Inc,746.8,35.0367864074654,36.936128358874
EXPD.N,Expeditors International of Washington Inc,153.02,36.1552719823888,27.3888462612802
CCI.N,Crown Castle Inc,91.84,22.6123874722472,20.0934748348582
CRWD.OQ,CrowdStrike Holdings Inc,517.65,29.9431893573024,37.5756762951248
BLK.N,BlackRock Inc,1101.84,22.3185771928985,21.2999364370835
GPN.N,Global Payments Inc,81.92,28.3197089624678,34.9115737602153
UNP.N,Union Pacific Corp,236.12,15.5593723269924,16.2291402969064
EFX.N,Equifax Inc,220.6,22.2320654620648,31.113041189033
ANET.N,Arista Networks Inc,134.39,41.4325209000826,50.5351012384013
JPM.N,JPMorgan Chase & Co,317.38,25.6392412844683,20.4549252406789
CSX.OQ,CSX Corp,37.15,17.4248623700713,22.2191220239334
AMD.OQ,Advanced Micro Devices Inc,221.43,56.3665070867139,64.3660856247398
COP.N,ConocoPhillips,96.71,24.2775829363908,25.2794075138639
TER.OQ,Teradyne Inc,203.97,50.8026019267945,56.876506142959
MCHP.OQ,Microchip Technology Inc,69.09,50.5837021651056,43.2244059357743
REG.OQ,Regency Centers Corp,67.76,13.6476970019325,14.258097193601
CNP.N,CenterPoint Energy Inc,37.33,13.4398608426695,13.7039653107358
COIN.OQ,Coinbase Global Inc,269.02,66.186962061495,57.2727216147117
PAYX.OQ,Paychex Inc,114.63,19.223342863853,20.2223712946487
BFb.N,Brown-Forman Corp,30.88,23.4186564826081,28.7190825715994
LMT.N,Lockheed Martin Corp,474.88,22.9426778968509,18.8399701116197
TEL.N,TE Connectivity PLC,244.29,33.5536545090602,23.8730345543819
J.N,Jacobs Solutions Inc,136.73,40.0767055590343,30.1100725001163
D.N,Dominion Energy Inc,58.17,18.5483717455387,16.8258518404194
WST.N,West Pharmaceutical Services Inc,272.54,31.4222764656572,32.0295158333693
NOW.N,ServiceNow Inc,867.49,22.5773461806525,26.0011439725909
BA.N,Boeing Co,200.71,40.7106980140519,31.4825360456628
AMT.N,American Tower Corp,181.71,19.4254644941905,19.5102945222751
LUV.N,Southwest Airlines Co,40.74,37.9723035419425,35.4360870190962
O.N,Realty Income Corp,57.22,15.5786859966767,14.1971576483666
EQIX.OQ,Equinix Inc,754.13,24.0893460941093,20.0254794975822
RCL.N,Royal Caribbean Cruises Ltd,279.7,45.270760959265,39.1554329031199
ADBE.OQ,Adobe Inc,350.43,26.0083023055724,27.8836597364245
GRMN.N,Garmin Ltd,210.79,22.0386046073917,29.3069385395495
EQT.N,EQT Corp,56.07,35.0921465918473,31.3847061781187
RSG.N,Republic Services Inc,211.18,17.961441295551,16.1177607655646
STE.N,STERIS plc,252.49,26.6965055333431,23.671398695323
MDT.N,Medtronic PLC,99.75,22.052411682954,19.967249420819
TSLA.OQ,Tesla Inc,446.89,47.6753483913339,45.6175727241667
MDLZ.OQ,Mondelez International Inc,53.79,16.9059056836607,18.3624191688815
CINF.OQ,Cincinnati Financial Corp,165.02,16.195985945443,18.8787767868368
ES.N,Eversource Energy,67.5,41.8285161074755,30.4069889874549
CSCO.OQ,Cisco Systems Inc,79.27,25.0589936530758,22.2677278871778
NRG.N,NRG Energy Inc,170.64,37.9223770156593,43.2470833543626
NFLX.OQ,Netflix Inc,94.09,35.916892550373,32.7906495600298
APA.OQ,APA Corp (US),25.95,41.3487692593705,44.9942973076456
ATO.N,Atmos Energy Corp,167.09,15.4170759624909,15.1202705588935
AWK.N,American Water Works Co Inc,130.09,21.8009090427559,20.5876379587104
CTVA.N,Corteva Inc,66.04,20.5613789387952,27.6184733130817
TRGP.N,Targa Resources Corp,185.73,27.7126403327032,28.2988592572967
TRV.N,Travelers Companies Inc,282.88,15.7058276041403,17.3711107228941
TXN.OQ,Texas Instruments Inc,181.67,28.0472053447422,28.528559749511
AMGN.OQ,Amgen Inc,317.38,33.1812170319349,27.8531573633008
DTE.N,DTE Energy Co,130.75,16.2145461324125,13.8589711441494
GOOG.OQ,Alphabet Inc,313.7,33.0019625506369,29.2872075803698
HWM.N,Howmet Aerospace Inc,195.89,21.3860136875342,23.7599315242096
WM.N,Waste Management Inc,212.05,18.3291417697657,18.4700100241971
CMS.N,CMS Energy Corp,69.74,15.4280681942991,14.2150008994741
CSGP.OQ,CoStar Group Inc,67.47,24.0339154024018,28.6815716028063
TPL.N,Texas Pacific Land Corp,890.3,45.904281240035,41.3074318339684
TDY.N,Teledyne Technologies Inc,523.11,21.5797893550365,21.0098728578148
WDC.OQ,Western Digital Corp,187.2,66.7414583377337,57.0092699965804
MAR.OQ,Marriott International Inc,296.46,28.7446527130829,24.9997073327644
EXR.N,Extra Space Storage Inc,133.02,25.230441841935,21.8410589664375
GILD.OQ,Gilead Sciences Inc,123.21,24.2529864360325,25.4972961273212
EME.N,EMCOR Group Inc,639.58,60.8801241350498,43.9141729426154
GL.N,Globe Life Inc,139.04,16.589884183097,17.7213224362407
DHI.N,DR Horton Inc,155.2,37.3749246763353,34.5400422956465
JBL.N,Jabil Inc,234.25,36.4013869469281,37.6573857735174
IP.N,International Paper Co,39.05,52.5570991764913,37.0774432284573
KMI.N,Kinder Morgan Inc,26.82,18.9179000363453,19.5995044804184
EL.N,Estee Lauder Companies Inc,105.56,36.8037674658698,39.7992853947238
MLM.N,Martin Marietta Materials Inc,632.08,17.7166966214713,18.9396860802594
LYB.N,LyondellBasell Industries NV,45.11,46.0529237275836,39.6694397082885
VZ.N,Verizon Communications Inc,40.22,19.8398888474479,19.8719275327656
VICI.N,VICI Properties Inc,28.12,13.4844225079466,13.8990566312998
KLAC.OQ,KLA Corp,1246.18,32.5364053652174,38.9519556562821
ADSK.OQ,Autodesk Inc,300.925,17.8944177548697,24.9849615675997
GLW.N,Corning Inc,95.97,39.4256892453907,32.153930250337
HUBB.N,Hubbell Inc,462.82,26.1444552381354,26.6152117675644
FFIV.OQ,F5 Inc,264.45,26.3373622903503,34.0842605881188
BDX.N,Becton Dickinson and Co,200.43,24.7648926954704,26.2300881271841
PEG.N,Public Service Enterprise Group Inc,78.96,17.9686755041087,18.6522664167697
BR.N,Broadridge Financial Solutions Inc,231.5,14.1212451145682,15.5656676217271
META.OQ,Meta Platforms Inc,652.71,43.5607567771178,30.6648440704389
ROP.OQ,Roper Technologies Inc,445.84,14.2282891398049,19.8309414759263
MAA.N,Mid-America Apartment Communities Inc,132.96,14.6824650286307,16.096849104665
HD.N,Home Depot Inc,357.46,29.5008767714367,22.9163105804714
DUK.N,Duke Energy Corp,114.39,13.6022898764605,13.6792647998194
DLTR.OQ,Dollar Tree Inc,129.97,39.2397460180763,36.8438168223382
BG.N,Bunge Global SA,93.27,21.1256911499624,32.8666862008422
SO.N,Southern Co,84.73,14.7762077703196,13.6052742740729
TMUS.OQ,T-Mobile US Inc,195.33,23.2808185076169,20.6509405255587
GEV.N,GE Vernova Inc,704.2,63.7727466524041,48.8743706463743
DG.N,Dollar General Corp,132.68,52.9249680977955,37.8993578849605
WAT.N,Waters Corp,392.21,28.0429676603218,29.9815577551677
NKE.N,Nike Inc,67.74,31.0060367515956,28.9457762240339
IR.N,Ingersoll Rand Inc,83.44,26.8557716133398,26.0129956423203
TKO.N,TKO Group Holdings Inc,204.3,31.5673418389581,32.939810845275
SNA.N,Snap-On Inc,351.49,14.2591801925472,19.0407596467371
PANW.OQ,Palo Alto Networks Inc,190.36,31.0770754821228,27.217054850049
SWK.N,Stanley Black & Decker Inc,76.54,36.6705846478712,37.7268801194678
TJX.N,TJX Companies Inc,155.58,15.8754721187482,15.5329143397853
ED.N,Consolidated Edison Inc,95.64,18.2944092379385,16.1266902607869
SLB.N,Slb NV,40.34,28.9443335784612,28.3530410140477
ABBV.N,AbbVie Inc,223.98,27.880320950166,23.6518561432358
AMAT.OQ,Applied Materials Inc,270.11,41.9771745028058,46.621685712738
PSX.N,Phillips 66,143.43,24.4545120720214,23.6037340687752
PFG.OQ,Principal Financial Group Inc,91.54,21.108925338877,20.5425447996328
DVN.N,Devon Energy Corp,37.54,24.5160828068492,28.9254981555798
SCHW.N,Charles Schwab Corp,97.05,18.708297124574,21.2886295852285
MMC.N,Marsh & McLennan Companies Inc,183.47,15.6316171780158,21.398399578954
STLD.OQ,Steel Dynamics Inc,173.01,27.1358744194228,30.9855553563269
QCOM.OQ,Qualcomm Inc,181.27,32.9681502303529,34.2781992658094
CMG.N,Chipotle Mexican Grill Inc,34.87,67.9785215186485,43.9060384789638
LLY.N,Eli Lilly and Co,1009.38,29.7512311723378,40.312435586548
MET.N,MetLife Inc,82.25,24.2546643182609,22.5442503652977
PFE.N,Pfizer Inc,25.8,25.2576752685618,27.0319788535234
ARE.N,Alexandria Real Estate Equities Inc,45.57,47.759542860625,51.2319063811479
PTC.OQ,PTC Inc,178.0,32.7430178155765,24.5504562991453
CMCSA.OQ,Comcast Corp,27.6,28.2561463911861,22.2495624720845
KHC.OQ,Kraft Heinz Co,24.39,16.675956866179,23.5104824466025
ACGL.OQ,Arch Capital Group Ltd,93.64,14.0005096291485,19.8572207247949
TFC.N,Truist Financial Corp,49.7,17.3174378483426,22.1172691185149
IEX.N,IDEX Corp,181.24,22.0201843587485,22.9381416113129
C.N,Citigroup Inc,111.74,19.4487897734355,22.5129628374091
AXP.N,American Express Co,384.89,24.6327045112023,24.724456884333
WRB.N,W R Berkley Corp,69.34,29.4645742623229,23.221684019385
MRVL.OQ,Marvell Technology Inc,89.43,62.9156650338474,61.2158871675812
GFS.OQ,GlobalFoundries Inc,39.98,37.0964751750395,37.9150847064732
LRCX.OQ,Lam Research Corp,168.71,46.8721384376168,45.333005306037
CRDO.OQ,Credo Technology Group Holding Ltd,154.47,93.3819157965596,83.3369119598352
QRVO.OQ,Qorvo Inc,89.41,32.5079837262961,34.5568241521102
ALAB.OQ,Astera Labs Inc,173.7,88.8168930980929,92.3510986736669
AVGO.OQ,Broadcom Inc,406.37,45.6912894089096,44.7368067826196
RMBS.OQ,Rambus Inc,106.01,58.1715493030772,67.8267256598204
TXN.OQ,Texas Instruments Inc,181.67,28.0472053447422,28.528559749511
ON.OQ,ON Semiconductor Corp,55.97,45.8986519347927,45.6559535445237
ENTG.OQ,Entegris Inc,95.99,58.2804184068029,54.9831841391003
TSM.N,Taiwan Semiconductor Manufacturing Co Ltd,304.85,26.6615293770923,33.0938590997388
ARM.OQ,Arm Holdings PLC,136.14,35.4119687757617,46.3307343387822
ADI.OQ,Analog Devices Inc,283.39,30.9767813770758,28.9128096647877
MPWR.OQ,Monolithic Power Systems Inc,981.48,43.0226758608792,42.4084822952019
MU.OQ,Micron Technology Inc,258.46,69.1939854658307,57.1030922936554
NXPI.OQ,NXP Semiconductors NV,231.83,36.981917495068,36.6980768628981
MCHP.OQ,Microchip Technology Inc,69.09,50.5837021651056,43.2244059357743
NVDA.OQ,NVIDIA Corp,180.93,35.9610596630759,33.0722485069049
MTSI.OQ,MACOM Technology Solutions Holdings Inc,189.86,51.4946588863386,47.5001512317837
NVMI.OQ,Nova Ltd,335.82,50.0837683660924,50.0361560108646
AMD.OQ,Advanced Micro Devices Inc,221.43,56.3665070867139,64.3660856247398
AMAT.OQ,Applied Materials Inc,270.11,41.9771745028058,46.621685712738
QCOM.OQ,Qualcomm Inc,181.27,32.9681502303529,34.2781992658094
TER.OQ,Teradyne Inc,203.97,50.8026019267945,56.876506142959
SWKS.OQ,Skyworks Solutions Inc,68.25,35.3593585205369,36.1256780844687
INTC.OQ,Intel Corp,39.51,58.9879976090079,63.3406556233986
COHR.N,Coherent Corp,198.5,78.5185192129773,72.656254115939
ASML.OQ,ASML Holding NV,1122.84,34.1942653456921,33.7571224136398
KLAC.OQ,KLA Corp,1246.18,32.5364053652174,38.9519556562821
