Date,Price Close,Volatility - 30 days,Volume
2019-01-02,219.5,,32900482
2019-01-03,215.5,,34615620
2019-01-04,208.0,,67043521
2019-01-07,213.0,,35695176
2019-01-08,211.0,,23794481
2019-01-09,215.5,,51255446
2019-01-10,216.0,,20832593
2019-01-11,220.5,,28658288
2019-01-14,218.5,,17612296
2019-01-15,221.0,,42990923
2019-01-16,217.5,,30038282
2019-01-17,220.5,,21163986
2019-01-18,218.5,,52677569
2019-01-21,221.0,,32515866
2019-01-22,223.0,,30958483
2019-01-23,220.5,,18671213
2019-01-24,222.5,,31348924
2019-01-25,226.0,,48039764
2019-01-28,229.0,,29134257
2019-01-29,222.5,,42566520
2019-01-30,221.0,,51889945
2019-02-11,228.0,,81360106
2019-02-12,230.0,,30125670
2019-02-13,229.0,,28634925
2019-02-14,227.0,,23647751
2019-02-15,227.0,,22369799
2019-02-18,230.0,,18163916
2019-02-19,229.0,,18423023
2019-02-20,234.5,,31887710
2019-02-21,236.5,,34013489
2019-02-22,236.5,,22032163
2019-02-25,238.0,,25227138
2019-02-26,239.5,,24586789
2019-02-27,239.0,,37947889
2019-03-04,235.5,,45164513
2019-03-05,233.0,,23708407
2019-03-06,234.0,,20811226
2019-03-07,234.0,,17226192
2019-03-08,230.0,,22535659
2019-03-11,230.5,,34282793
2019-03-12,235.5,,23839972
2019-03-13,237.0,,22493195
2019-03-14,234.5,,17281356
2019-03-15,239.0,,34542729
2019-03-18,241.0,,27040532
2019-03-19,240.5,,14620009
2019-03-20,242.0,,23055971
2019-03-21,245.5,,27514502
2019-03-22,248.5,,22996467
2019-03-25,241.5,,19273254
2019-03-26,244.0,,21053170
2019-03-27,241.5,,23622089
2019-03-28,242.0,,13998054
2019-03-29,245.5,,31024810
2019-04-01,245.5,,35330656
2019-04-02,246.0,,25189053
2019-04-03,246.5,,28581323
2019-04-08,253.0,,46426821
2019-04-09,254.0,,22745674
2019-04-10,254.0,,33174934
2019-04-11,252.0,,25146840
2019-04-12,252.0,,13888148
2019-04-15,255.5,,17257002
2019-04-16,257.0,,20231648
2019-04-17,261.5,,39037191
2019-04-18,264.5,,48525490
2019-04-19,264.5,,47698699
2019-04-22,266.0,,24967393
2019-04-23,268.0,,26251847
2019-04-24,269.0,,37386755
2019-04-25,267.5,,36572455
2019-04-26,260.0,,51743804
2019-04-29,259.5,,32651618
2019-04-30,259.0,,40446419
2019-05-02,259.0,,27376394
2019-05-03,265.0,,30200246
2019-05-06,259.0,,33688187
2019-05-07,262.5,,25686126
2019-05-08,260.0,,25902364
2019-05-09,256.5,,34166574
2019-05-10,256.0,,18868212
2019-05-13,250.5,,29317535
2019-05-14,248.5,,45620708
2019-05-15,249.0,,37223479
2019-05-16,247.0,,30331519
2019-05-17,241.5,,40006856
2019-05-20,238.0,,47097661
2019-05-21,234.0,,82872775
2019-05-22,238.0,,36289034
2019-05-23,230.0,,62258627
2019-05-24,233.0,,38226789
2019-05-27,231.0,,37447033
2019-05-28,230.5,,99322033
2019-05-29,229.5,,32260236
2019-05-30,231.0,,40375328
2019-05-31,235.5,,49163217
2019-06-03,238.0,,36687092
2019-06-04,233.0,,24443428
2019-06-05,235.0,,35901584
2019-06-06,232.0,,34651731
2019-06-10,240.0,,35521888
2019-06-11,244.5,,34691670
2019-06-12,246.0,,30409556
2019-06-13,240.0,,33731724
2019-06-14,236.0,,35403556
2019-06-17,233.0,,51692012
2019-06-18,235.5,,28798087
2019-06-19,244.0,,50234372
2019-06-20,245.0,,39717291
2019-06-21,248.5,,62136304
2019-06-24,241.0,,43460507
2019-06-25,238.5,,29735283
2019-06-26,234.5,,28770041
2019-06-27,240.5,,42007834
2019-06-28,239.0,,28085212
2019-07-01,248.5,,66370875
2019-07-02,249.0,,26832202
2019-07-03,242.5,,29549774
2019-07-04,244.0,,18691240
2019-07-05,243.0,,27317074
2019-07-08,242.5,,29190909
2019-07-09,242.0,,16538987
2019-07-10,247.0,,23812131
2019-07-11,250.0,,31296289
2019-07-12,250.5,,23868432
2019-07-15,254.5,,34264300
2019-07-16,256.0,,26141249
2019-07-17,252.0,,34346648
2019-07-18,254.0,,20908575
2019-07-19,259.0,,59879798
2019-07-22,264.0,,31863639
2019-07-23,264.0,,29273223
2019-07-24,265.0,,24511039
2019-07-25,265.0,,30698545
2019-07-26,261.0,,20768071
2019-07-29,261.0,,18473320
2019-07-30,260.0,,22895612
2019-07-31,259.5,,36365601
2019-08-01,256.5,,30107526
2019-08-02,251.5,,54165644
2019-08-05,246.5,,52835721
2019-08-06,248.5,,58916879
2019-08-07,248.0,,29435460
2019-08-08,253.5,,30140266
2019-08-12,251.0,,24732603
2019-08-13,246.5,,25045107
2019-08-14,249.5,,36336703
2019-08-15,248.0,,28277412
2019-08-16,250.0,,25696715
2019-08-19,252.0,,25098514
2019-08-20,254.5,,20620494
2019-08-21,254.5,,20269296
2019-08-22,254.0,,22136840
2019-08-23,254.0,,14772877
2019-08-26,248.5,,31740620
2019-08-27,250.0,,53664951
2019-08-28,252.0,,15280882
2019-08-29,254.0,,20085767
2019-08-30,259.0,,35299201
2019-09-02,257.5,,14776854
2019-09-03,254.0,,26086495
2019-09-04,257.5,,23697733
2019-09-05,263.0,,49041728
2019-09-06,263.5,,26609515
2019-09-09,265.0,,17317833
2019-09-10,261.5,,30019866
2019-09-11,263.0,,36266015
2019-09-12,262.5,,38792293
2019-09-16,265.5,,38913966
2019-09-17,265.0,,30069844
2019-09-18,267.0,,51360759
2019-09-19,265.0,,27165567
2019-09-20,264.0,,44555865
2019-09-23,264.0,,14220208
2019-09-24,265.0,,24304943
2019-09-25,266.0,,23244163
2019-09-26,268.0,,34128103
2019-09-27,272.0,,44242817
2019-10-01,280.0,,75248890
2019-10-02,279.5,,30572953
2019-10-03,276.5,,35874864
2019-10-04,276.5,,35814613
2019-10-07,278.0,,17750230
2019-10-08,286.5,,39868551
2019-10-09,282.0,,34895456
2019-10-14,290.0,,53403517
2019-10-15,293.5,,54754830
2019-10-16,296.5,,42917144
2019-10-17,293.5,,41920938
2019-10-18,293.0,,45460984
2019-10-21,290.0,,35860365
2019-10-22,294.0,,26525020
2019-10-23,293.0,,30382408
2019-10-24,293.0,,29040827
2019-10-25,293.5,,25082711
2019-10-28,294.5,,20216561
2019-10-29,298.5,,37130131
2019-10-30,299.5,,32370342
2019-10-31,298.5,,43123514
2019-11-01,299.0,,30216678
2019-11-04,307.0,,45155671
2019-11-05,310.5,,32253184
2019-11-06,311.0,,22149743
2019-11-07,309.0,,28453659
2019-11-08,305.5,,26230542
2019-11-11,301.0,,35285583
2019-11-12,305.0,,19016708
2019-11-13,304.0,,18422438
2019-11-14,303.5,,15734835
2019-11-15,307.0,,29038445
2019-11-18,311.0,,18741325
2019-11-19,315.0,,33096197
2019-11-20,313.5,,24538973
2019-11-21,311.0,,30163833
2019-11-22,309.0,,26492984
2019-11-25,307.0,,19855177
2019-11-26,307.0,,101916622
2019-11-27,311.0,,18527648
2019-11-28,309.5,,19718982
2019-11-29,305.0,,32423561
2019-12-02,307.5,,25516807
2019-12-03,307.0,,27686319
2019-12-04,306.0,,34911686
2019-12-05,312.0,,39349842
2019-12-06,313.0,,18402703
2019-12-09,316.0,,23556081
2019-12-10,313.5,,20847594
2019-12-11,319.0,,34329148
2019-12-12,331.5,,52801851
2019-12-13,339.0,,60843939
2019-12-16,336.0,,48340188
2019-12-17,345.0,,41428458
2019-12-18,344.5,,42486841
2019-12-19,335.0,,55667012
2019-12-20,329.0,,86280459
2019-12-23,334.0,,26911340
2019-12-24,332.0,,13783907
2019-12-25,333.0,,12262954
2019-12-26,333.0,,11427884
2019-12-27,338.0,,16677806
2019-12-30,334.5,,21591263
2019-12-31,331.0,,22950517
2020-01-02,339.0,,33282120
2020-01-03,339.5,,42023268
2020-01-06,332.0,,45677057
2020-01-07,329.5,,51746181
2020-01-08,329.5,,37913748
2020-01-09,337.5,,32397504
2020-01-10,339.5,,27880115
2020-01-13,341.5,,30663332
2020-01-14,346.0,,30368993
2020-01-15,340.0,,54575274
2020-01-16,334.5,,58217420
2020-01-17,333.0,,53908097
2020-01-20,333.0,,35551203
2020-01-30,316.5,,126820049
2020-01-31,320.0,,62912055
2020-02-03,315.0,,59711849
2020-02-04,325.0,,52208496
2020-02-05,327.5,,36601453
2020-02-06,332.5,,29659094
2020-02-07,328.0,,30055327
2020-02-10,327.5,,30814424
2020-02-11,331.5,,29062935
2020-02-12,335.0,,37612639
2020-02-13,335.0,,23217021
2020-02-14,335.0,,18326683
2020-02-17,331.5,,16145079
2020-02-18,322.0,,64662604
2020-02-19,326.5,,48856218
2020-02-20,325.5,,27061736
2020-02-21,325.0,,22974534
2020-02-24,320.0,,42946680
2020-02-25,322.0,,38674011
2020-02-26,318.5,,60768362
2020-02-27,316.0,,62401927
2020-03-02,311.0,,86372942
2020-03-03,317.5,,55169411
2020-03-04,320.5,,44745146
2020-03-05,323.0,,38223525
2020-03-06,315.0,,52807760
2020-03-09,305.5,,88633277
2020-03-10,307.0,,74869130
2020-03-11,302.0,,64923710
2020-03-12,294.0,,114173351
2020-03-13,290.0,,151268148
2020-03-16,276.5,,103933228
2020-03-17,268.0,,122409651
2020-03-18,260.0,,118620643
2020-03-19,248.0,,160811697
2020-03-20,270.0,,159179726
2020-03-23,255.0,,76963709
2020-03-24,267.5,,82377933
2020-03-25,277.0,,80514199
2020-03-26,280.0,,54189633
2020-03-27,273.0,,69320306
2020-03-30,267.5,,53403956
2020-03-31,274.0,,53901923
2020-04-01,271.5,,47572034
2020-04-06,275.5,,59712754
2020-04-07,283.0,,48887346
2020-04-08,285.0,,38698826
2020-04-09,283.0,,29276430
2020-04-10,279.5,,28206858
2020-04-13,278.5,,22196596
2020-04-14,285.0,,50196688
2020-04-15,287.5,,58561434
2020-04-16,286.5,,48257280
2020-04-17,306.5,,117447201
2020-04-20,304.0,,44586860
2020-04-21,295.0,,61949357
2020-04-22,294.0,,43568580
2020-04-23,295.5,,39977278
2020-04-24,294.0,,26465090
2020-04-27,298.0,,38493406
2020-04-28,296.5,,37621165
2020-04-29,299.0,,46253301
2020-04-30,304.5,,58439085
2020-05-04,295.0,,72252861
2020-05-05,295.5,,23988405
2020-05-06,296.0,,35704479
2020-05-07,297.5,,28017198
2020-05-08,297.5,,35613893
2020-05-11,301.0,,32379019
2020-05-12,295.0,,52494788
2020-05-13,297.0,,46158418
2020-05-14,293.0,,34480948
2020-05-15,298.0,,44304804
2020-05-18,290.0,,96872065
2020-05-19,291.5,,53083214
2020-05-20,294.0,,36789994
2020-05-21,297.5,,36299468
2020-05-22,292.0,,41138923
2020-05-25,292.0,,32942223
2020-05-26,295.5,,35817481
2020-05-27,296.5,,23375959
2020-05-28,294.0,,32395568
2020-05-29,292.0,,96611181
2020-06-01,295.5,,37936214
2020-06-02,296.5,,26663587
2020-06-03,301.0,,67894337
2020-06-04,306.0,,47225322
2020-06-05,311.5,,44077262
2020-06-08,318.0,,52042921
2020-06-09,319.0,,37068082
2020-06-10,322.5,,42207259
2020-06-11,320.5,,50612255
2020-06-12,316.0,,46970918
2020-06-15,309.5,,51032404
2020-06-16,315.0,,40725216
2020-06-17,315.0,,34692968
2020-06-18,314.5,,35443474
2020-06-19,314.5,,48130280
2020-06-22,312.0,,37374616
2020-06-23,315.0,,41300084
2020-06-24,317.5,,55464024
2020-06-29,312.0,,56672892
2020-06-30,313.0,,49241860
2020-07-01,317.5,,29685342
2020-07-02,322.0,,37789178
2020-07-03,329.5,,55656987
2020-07-06,338.0,,57256220
2020-07-07,338.5,,59046323
2020-07-08,341.0,,33813218
2020-07-09,345.0,,37410376
2020-07-10,348.5,,60902108
2020-07-13,354.5,,49459523
2020-07-14,363.5,,63030150
2020-07-15,363.0,,75105362
2020-07-16,357.5,,68582512
2020-07-17,367.0,,66403485
2020-07-20,366.0,,44940238
2020-07-21,383.0,,64440128
2020-07-22,384.0,,43959670
2020-07-23,381.5,,45397282
2020-07-24,386.0,,90988734
2020-07-27,424.5,,103315640
2020-07-28,435.0,,172157746
2020-07-29,422.0,,88641166
2020-07-30,434.0,,69936949
2020-07-31,425.5,,50484674
2020-08-03,416.0,,77288571
2020-08-04,425.5,,41697445
2020-08-05,429.0,,47460834
2020-08-06,435.0,,43443627
2020-08-07,433.0,,37611388
2020-08-10,435.5,,36067500
2020-08-11,429.0,,34545313
2020-08-12,419.0,,53980474
2020-08-13,429.0,,45669335
2020-08-14,427.0,,24259947
2020-08-17,435.0,,34607731
2020-08-18,433.0,,45504160
2020-08-19,427.5,,31486800
2020-08-20,415.0,,75155235
2020-08-21,424.5,,41956467
2020-08-24,428.0,,49199406
2020-08-25,434.5,,37024899
2020-08-26,442.0,,41406340
2020-08-27,444.0,,57206712
2020-08-28,435.0,,57039210
2020-08-31,426.5,,88569538
2020-09-01,435.0,,50129577
2020-09-02,433.0,,42013407
2020-09-03,436.0,,40683617
2020-09-04,429.0,,51349911
2020-09-07,426.0,,39854584
2020-09-08,431.0,,23714670
2020-09-09,427.0,,40727362
2020-09-10,435.0,,35281921
2020-09-11,436.5,,34893469
2020-09-14,441.0,,39325833
2020-09-15,445.0,,39661449
2020-09-16,458.0,,70608238
2020-09-17,448.5,,44420506
2020-09-18,444.0,,52999922
2020-09-21,440.0,,40193920
2020-09-22,437.0,,36842639
2020-09-23,433.5,,47426963
2020-09-24,423.0,,82510381
2020-09-25,424.0,,41263269
2020-09-28,431.5,,34427479
2020-09-29,431.0,,42730502
2020-09-30,433.0,,28859204
2020-10-05,432.5,,33238832
2020-10-06,439.5,,36276395
2020-10-07,443.0,,44691239
2020-10-08,453.0,,60853811
2020-10-12,460.0,,67645223
2020-10-13,462.0,,46303738
2020-10-14,459.0,,52677241
2020-10-15,453.0,,49987278
2020-10-16,449.0,,48274801
2020-10-19,457.5,,34846906
2020-10-20,451.0,,26567638
2020-10-21,453.0,,29906921
2020-10-22,455.0,,25285547
2020-10-23,452.0,,18777385
2020-10-26,450.0,,15800622
2020-10-27,447.0,,31795010
2020-10-28,444.0,,26221663
2020-10-29,437.0,,43075387
2020-10-30,432.0,,49770771
2020-11-02,435.5,,34539576
2020-11-03,441.0,,31461727
2020-11-04,450.0,,37929652
2020-11-05,451.0,,36539446
2020-11-06,452.5,,32644190
2020-11-09,458.5,,43415670
2020-11-10,451.0,,36786882
2020-11-11,457.0,,40355804
2020-11-12,458.0,,57993774
2020-11-13,462.0,,31483881
2020-11-16,484.0,,83380911
2020-11-17,485.5,,75763870
2020-11-18,497.0,,56607501
2020-11-19,490.0,,47345316
2020-11-20,488.0,,35242579
2020-11-23,496.5,,43708352
2020-11-24,492.0,,38630079
2020-11-25,487.0,,47179640
2020-11-26,489.0,,31844322
2020-11-27,489.0,,35196829
2020-11-30,480.5,,149311778
2020-12-01,490.0,,38341265
2020-12-02,499.0,,60208035
2020-12-03,497.0,,36919644
2020-12-04,503.0,,54471042
2020-12-07,514.0,,45493551
2020-12-08,524.0,,41830257
2020-12-09,520.0,,46831705
2020-12-10,512.0,,43991133
2020-12-11,516.0,,51296611
2020-12-14,508.0,,30809747
2020-12-15,504.0,,43059899
2020-12-16,512.0,,53661282
2020-12-17,508.0,,39285785
2020-12-18,510.0,,40625502
2020-12-21,516.0,,35153138
2020-12-22,509.0,,25632245
2020-12-23,509.0,,18320849
2020-12-24,510.0,,15218008
2020-12-25,511.0,,12581145
2020-12-28,515.0,,19520886
2020-12-29,515.0,,20226736
2020-12-30,525.0,,46705107
2020-12-31,530.0,,31173332
2021-01-04,536.0,,39489959
2021-01-05,542.0,,34839391
2021-01-06,549.0,,55614434
2021-01-07,565.0,,53392763
2021-01-08,580.0,,62957148
2021-01-11,584.0,,52771778
2021-01-12,591.0,,52605212
2021-01-13,605.0,,75707681
2021-01-14,592.0,,90309708
2021-01-15,601.0,,100998199
2021-01-18,607.0,,50388664
2021-01-19,627.0,,52947466
2021-01-20,647.0,,95484470
2021-01-21,673.0,,97590371
2021-01-22,649.0,,134238314
2021-01-25,633.0,,98608285
2021-01-26,617.0,,114797609
2021-01-27,615.0,,72823691
2021-01-28,601.0,,104181514
2021-01-29,591.0,,96875889
2021-02-01,611.0,,70161939
2021-02-02,632.0,,80724207
2021-02-03,630.0,,59763227
2021-02-04,627.0,,47547873
2021-02-05,632.0,,57350831
2021-02-17,663.0,,115578402
2021-02-18,660.0,,54520341
2021-02-19,652.0,,51651844
2021-02-22,650.0,,39512078
2021-02-23,641.0,,52868029
2021-02-24,625.0,,80010637
2021-02-25,635.0,,45279276
2021-02-26,606.0,,137933162
2021-03-02,609.0,,57792973
2021-03-03,622.0,,61171387
2021-03-04,601.0,,75508388
2021-03-05,601.0,,85579527
2021-03-08,598.0,,47676630
2021-03-09,595.0,,74471341
2021-03-10,597.0,,41735443
2021-03-11,609.0,,55462783
2021-03-12,614.0,,33876990
2021-03-15,611.0,,29767904
2021-03-16,613.0,,37780820
2021-03-17,604.0,,43942131
2021-03-18,602.0,,30223846
2021-03-19,591.0,,74960854
2021-03-22,593.0,,35931375
2021-03-23,594.0,,31933358
2021-03-24,576.0,,115318351
2021-03-25,575.0,,74225812
2021-03-26,590.0,,37937242
2021-03-29,599.0,,40573913
2021-03-30,597.0,,34686346
2021-03-31,587.0,,44454672
2021-04-01,602.0,,45972766
2021-04-06,610.0,,37664216
2021-04-07,610.0,,28140964
2021-04-08,613.0,,26658283
2021-04-09,610.0,,31601619
2021-04-12,605.0,,23319822
2021-04-13,605.0,,27386926
2021-04-14,612.0,,31144922
2021-04-15,619.0,,36394255
2021-04-16,610.0,,49952191
2021-04-19,603.0,,25234976
2021-04-20,602.0,,36655069
2021-04-21,592.0,,41893725
2021-04-22,591.0,,38094824
2021-04-23,602.0,,29004756
2021-04-26,610.0,,32426908
2021-04-27,610.0,,26761401
2021-04-28,602.0,,24601487
2021-04-29,600.0,,35756460
2021-05-03,588.0,,46801189
2021-05-04,591.0,,45507479
2021-05-05,585.0,,31786592
2021-05-06,587.0,,33165446
2021-05-07,599.0,,28719597
2021-05-10,589.0,,21365583
2021-05-11,571.0,,66035839
2021-05-12,560.0,,138328672
2021-05-13,547.0,,71519430
2021-05-14,557.0,,38625148
2021-05-17,549.0,,58446847
2021-05-18,572.0,,44584258
2021-05-19,567.0,,29610174
2021-05-20,567.0,,36605692
2021-05-21,573.0,,28009899
2021-05-24,568.0,,15981036
2021-05-25,583.0,,35445350
2021-05-26,585.0,,19555305
2021-05-27,582.0,,70061002
2021-05-28,590.0,,30720737
2021-05-31,597.0,,31557426
2021-06-01,598.0,,18405285
2021-06-02,595.0,,22416789
2021-06-03,596.0,,31703679
2021-06-04,595.0,,16072580
2021-06-07,592.0,,17729179
2021-06-08,589.0,,14083552
2021-06-09,586.0,,21575159
2021-06-10,599.0,,29741770
2021-06-11,602.0,,24940705
2021-06-15,609.0,,30245897
2021-06-16,605.0,,28624508
2021-06-17,606.0,,26477032
2021-06-18,603.0,,42036170
2021-06-21,583.0,,47339695
2021-06-22,578.0,,30578091
2021-06-23,595.0,,36386023
2021-06-24,590.0,,19322765
2021-06-25,591.0,,19140086
2021-06-28,590.0,,15401977
2021-06-29,595.0,,30837548
2021-06-30,595.0,,34021380
2021-07-01,593.0,,18719706
2021-07-02,588.0,,19633718
2021-07-05,591.0,,30274105
2021-07-06,592.0,,13830591
2021-07-07,594.0,,17329148
2021-07-08,588.0,,21596183
2021-07-09,584.0,,30602492
2021-07-12,593.0,,33011596
2021-07-13,607.0,,54894335
2021-07-14,613.0,,39670241
2021-07-15,614.0,,23057868
2021-07-16,589.0,,61882128
2021-07-19,582.0,,43248966
2021-07-20,581.0,,16352855
2021-07-21,585.0,,26476215
2021-07-22,591.0,,27075950
2021-07-23,585.0,,15705191
2021-07-26,580.0,,22442745
2021-07-27,580.0,,18925325
2021-07-28,579.0,,39744486
2021-07-29,583.0,,25014772
2021-07-30,580.0,,26141286
2021-08-02,590.0,,24948096
2021-08-03,594.0,,28104984
2021-08-04,596.0,,23714971
2021-08-05,596.0,,15673765
2021-08-06,591.0,,13994018
2021-08-09,595.0,,17611955
2021-08-10,591.0,,17620825
2021-08-11,590.0,,20311399
2021-08-12,586.0,,16031265
2021-08-13,581.0,,25440973
2021-08-16,584.0,,19949389
2021-08-17,580.0,,31845499
2021-08-18,574.0,,47063629
2021-08-19,559.0,,42133375
2021-08-20,552.0,,47741449
2021-08-23,566.0,,34775337
2021-08-24,572.0,,27397309
2021-08-25,585.0,,28867651
2021-08-26,594.0,,45027320
2021-08-27,599.0,,29459532
2021-08-30,605.0,,40606821
2021-08-31,614.0,,58916407
2021-09-01,613.0,,31242788
2021-09-02,607.0,,26715492
2021-09-03,620.0,,53915006
2021-09-06,631.0,,59223061
2021-09-07,623.0,,27422775
2021-09-08,619.0,,38713621
2021-09-09,619.0,,19309522
2021-09-10,622.0,,16740439
2021-09-13,615.0,,15809768
2021-09-14,613.0,,16024935
2021-09-15,607.0,,26041452
2021-09-16,600.0,,23315040
2021-09-17,600.0,,42383815
2021-09-22,586.0,,42732169
2021-09-23,588.0,,22736266
2021-09-24,598.0,,17302848
2021-09-27,602.0,,20034221
2021-09-28,594.0,,17325896
2021-09-29,580.0,,51834124
2021-09-30,580.0,,36318623
2021-10-01,574.0,,39006124
2021-10-04,572.0,,22288138
2021-10-05,572.0,,36063650
2021-10-06,571.0,,33989379
2021-10-07,580.0,,28480400
2021-10-08,575.0,,22601904
2021-10-12,575.0,,27126088
2021-10-13,571.0,,19267437
2021-10-14,573.0,,14270641
2021-10-15,600.0,,55305252
2021-10-18,590.0,,19753943
2021-10-19,600.0,,18709936
2021-10-20,598.0,,17537878
2021-10-21,596.0,,16882324
2021-10-22,600.0,,14236279
2021-10-25,593.0,,17724968
2021-10-26,599.0,,27047187
2021-10-27,599.0,,16260278
2021-10-28,595.0,,16927154
2021-10-29,590.0,,27684673
2021-11-01,590.0,,17110357
2021-11-02,592.0,,16544999
2021-11-03,592.0,,11404984
2021-11-04,587.0,,18888245
2021-11-05,600.0,,35086799
2021-11-08,602.0,,20886897
2021-11-09,611.0,,42340785
2021-11-10,612.0,,18518512
2021-11-11,606.0,,20257792
2021-11-12,604.0,,21373014
2021-11-15,608.0,,17140935
2021-11-16,610.0,,21776308
2021-11-17,610.0,,21829653
2021-11-18,613.0,,22933191
2021-11-19,618.0,,38847820
2021-11-22,615.0,,23296854
2021-11-23,612.0,,20022520
2021-11-24,603.0,,22978524
2021-11-25,603.0,,14171433
2021-11-26,596.0,,27882175
2021-11-29,593.0,,24160615
2021-11-30,596.0,,69160408
2021-12-01,600.0,,30119408
2021-12-02,615.0,,48720976
2021-12-03,608.0,,27571974
2021-12-06,600.0,,24474913
2021-12-07,607.0,,21105883
2021-12-08,602.0,,22194708
2021-12-09,608.0,,12467833
2021-12-10,605.0,,11371659
2021-12-13,601.0,,17994933
2021-12-14,599.0,,22997961
2021-12-15,600.0,,22419040
2021-12-16,605.0,,22151282
2021-12-17,607.0,,30319495
2021-12-20,598.0,,22381761
2021-12-21,597.0,,17669559
2021-12-22,600.0,,10127887
2021-12-23,606.0,,16910501
2021-12-24,604.0,,12008673
2021-12-27,606.0,,16771900
2021-12-28,615.0,,35156339
2021-12-29,616.0,,25604320
2021-12-30,615.0,,20522055
2022-01-03,631.0,,73703302
2022-01-04,656.0,,90945643
2022-01-05,650.0,,72505550
2022-01-06,644.0,,57490736
2022-01-07,634.0,,39847766
2022-01-10,643.0,,39286754
2022-01-11,651.0,,36186544
2022-01-12,660.0,,40832298
2022-01-13,661.0,,39172028
2022-01-14,672.0,,98768193
2022-01-17,683.0,,63828552
2022-01-18,662.0,,48802321
2022-01-19,654.0,,44092247
2022-01-20,651.0,,48996473
2022-01-21,641.0,,53966101
2022-01-24,653.0,,48665203
2022-01-25,641.0,,53927064
2022-01-26,636.0,,33093553
2022-02-07,635.0,,64637049
2022-02-08,628.0,,43786259
2022-02-09,633.0,,33633394
2022-02-10,649.0,,37388892
2022-02-11,650.0,,28194682
2022-02-14,637.0,,39394670
2022-02-15,633.0,,24497955
2022-02-16,646.0,,27395771
2022-02-17,645.0,,20447347
2022-02-18,637.0,,21948975
2022-02-21,632.0,,25769408
2022-02-22,627.0,,38526210
2022-02-23,625.0,,34561338
2022-02-24,604.0,,80672979
2022-02-25,604.0,,94155943
2022-03-01,604.0,,70303880
2022-03-02,601.0,,42428151
2022-03-03,602.0,,37103932
2022-03-04,595.0,,65235167
2022-03-07,576.0,,97167600
2022-03-08,563.0,,88371413
2022-03-09,568.0,,57512412
2022-03-10,587.0,,49092145
2022-03-11,575.0,,42981381
2022-03-14,572.0,,38562552
2022-03-15,558.0,,84338792
2022-03-16,558.0,,50764807
2022-03-17,582.0,,65820899
2022-03-18,581.0,,49583448
2022-03-21,586.0,,22800165
2022-03-22,583.0,,23421124
2022-03-23,590.0,,27475008
2022-03-24,591.0,,20769676
2022-03-25,598.0,,26794684
2022-03-28,584.0,,27954730
2022-03-29,589.0,,15742359
2022-03-30,600.0,,43256548
2022-03-31,597.0,,25130417
2022-04-01,589.0,,31247086
2022-04-06,578.0,,40726932
2022-04-07,566.0,,47212937
2022-04-08,567.0,,31406384
2022-04-11,558.0,,41713758
2022-04-12,557.0,,34799056
2022-04-13,573.0,,36968137
2022-04-14,573.0,,20224847
2022-04-15,562.0,,33158930
2022-04-18,561.0,,16579296
2022-04-19,565.0,,18811242
2022-04-20,570.0,,28240222
2022-04-21,565.0,,21539083
2022-04-22,558.0,,35567672
2022-04-25,547.0,,49067362
2022-04-26,546.0,,39549934
2022-04-27,526.0,,65034122
2022-04-28,531.0,,50406145
2022-04-29,538.0,,39960198
2022-05-03,531.0,,29502561
2022-05-04,534.0,,17305449
2022-05-05,542.0,,22540182
2022-05-06,528.0,,34512038
2022-05-09,520.0,,27309304
2022-05-10,518.0,,44322247
2022-05-11,521.0,,28109896
2022-05-12,505.0,,35824788
2022-05-13,511.0,,30204773
2022-05-16,520.0,,22012610
2022-05-17,530.0,,25812051
2022-05-18,538.0,,33605299
2022-05-19,522.0,,40798132
2022-05-20,530.0,,26111163
2022-05-23,528.0,,18919447
2022-05-24,520.0,,19130619
2022-05-25,524.0,,22460245
2022-05-26,514.0,,31542825
2022-05-27,530.0,,30113220
2022-05-30,547.0,,36480411
2022-05-31,560.0,,81962870
2022-06-01,549.0,,32970903
2022-06-02,540.0,,26063495
2022-06-06,540.0,,23732327
2022-06-07,535.0,,22152512
2022-06-08,544.0,,19609522
2022-06-09,541.0,,16894479
2022-06-10,530.0,,22614596
2022-06-13,516.0,,36758925
2022-06-14,513.0,,38838778
2022-06-15,509.0,,38360508
2022-06-16,508.0,,31908028
2022-06-17,501.0,,48400798
2022-06-20,498.0,,36664463
2022-06-21,505.0,,34432537
2022-06-22,494.5,,33438921
2022-06-23,485.5,,46808462
2022-06-24,486.5,,29003676
2022-06-27,498.5,,38684368
2022-06-28,497.5,,16867955
2022-06-29,491.0,,33124986
2022-06-30,476.0,,49820824
2022-07-01,453.5,,72597018
2022-07-04,440.0,,61206245
2022-07-05,446.0,,55469884
2022-07-06,435.5,,42156925
2022-07-07,457.5,,50984110
2022-07-08,467.0,,39134398
2022-07-11,462.0,,22930675
2022-07-12,449.5,,24155935
2022-07-13,470.5,,48134139
2022-07-14,475.0,,34014188
2022-07-15,492.5,,56039339
2022-07-18,495.5,,40797601
2022-07-19,491.0,,20554247
2022-07-20,495.0,,36862724
2022-07-21,501.0,,23893063
2022-07-22,503.0,,26904474
2022-07-25,499.5,,16803972
2022-07-26,495.0,,19524143
2022-07-27,502.0,,18411136
2022-07-28,501.0,,35020547
2022-07-29,509.0,,30632627
2022-08-01,504.0,,24991291
2022-08-02,492.0,,42669591
2022-08-03,501.0,,29838832
2022-08-04,500.0,,26589086
2022-08-05,516.0,,35052642
2022-08-08,512.0,,20568971
2022-08-09,510.0,,24370709
2022-08-10,500.0,,22112239
2022-08-11,514.0,,24906177
2022-08-12,517.0,,21343450
2022-08-15,523.0,,22519886
2022-08-16,525.0,,21234122
2022-08-17,527.0,,28461939
2022-08-18,520.0,,18721898
2022-08-19,519.0,,14235983
2022-08-22,510.0,,23175820
2022-08-23,504.0,,20997847
2022-08-24,503.0,,14995494
2022-08-25,508.0,,10254367
2022-08-26,512.0,,13268148
2022-08-29,498.5,,28217313
2022-08-30,496.0,,25699463
2022-08-31,505.0,,50999514
2022-09-01,490.5,,42008490
2022-09-02,485.0,,33877655
2022-09-05,486.0,,17327720
2022-09-06,489.0,,21197718
2022-09-07,472.5,,38168331
2022-09-08,475.0,,35355467
2022-09-12,486.5,,27181969
2022-09-13,493.0,,18916557
2022-09-14,480.0,,25046110
2022-09-15,476.5,,24272164
2022-09-16,472.0,,41889816
2022-09-19,467.0,,20724347
2022-09-20,476.5,,23269759
2022-09-21,471.0,,24686050
2022-09-22,464.5,,31417685
2022-09-23,455.0,,32804066
2022-09-26,446.5,,34856957
2022-09-27,448.0,,29570005
2022-09-28,438.0,,37827459
2022-09-29,435.0,,42884163
2022-09-30,422.0,,58366820
2022-10-03,417.0,,38354967
2022-10-04,429.0,,42455417
2022-10-05,445.0,,48321335
2022-10-06,451.0,,30750331
2022-10-07,438.0,,32872044
2022-10-11,401.5,,109842903
2022-10-12,397.5,,64138351
2022-10-13,395.0,,43158592
2022-10-14,412.0,,59841064
2022-10-17,397.0,,45038159
2022-10-18,407.0,,41304834
2022-10-19,395.5,,48655069
2022-10-20,397.5,,63202035
2022-10-21,389.5,,38968511
2022-10-24,387.0,,48691083
2022-10-25,371.0,,81173913
2022-10-26,376.0,,61440878
2022-10-27,385.5,,47160778
2022-10-28,379.5,,44691746
2022-10-31,390.0,,40598928
2022-11-01,391.5,,42123141
2022-11-02,395.0,,23169428
2022-11-03,384.0,,42092776
2022-11-04,382.0,,30839846
2022-11-07,390.0,,37704746
2022-11-08,399.0,,32576136
2022-11-09,417.0,,56357663
2022-11-10,407.5,,33671621
2022-11-11,441.5,,83770040
2022-11-14,445.0,,63282094
2022-11-15,480.0,,118536865
2022-11-16,487.0,,88416393
2022-11-17,485.0,,46850915
2022-11-18,487.0,,37001332
2022-11-21,482.0,,30609465
2022-11-22,491.0,,39329440
2022-11-23,492.0,,34752559
2022-11-24,496.0,,28477359
2022-11-25,498.0,,41461805
2022-11-28,480.5,,40815045
2022-11-29,487.0,,40266315
2022-11-30,490.0,,60728041
2022-12-01,498.5,,43684491
2022-12-02,492.5,,29909021
2022-12-05,489.0,,33048153
2022-12-06,478.0,,44964237
2022-12-07,475.0,,39978821
2022-12-08,471.5,,28348573
2022-12-09,481.5,,28903860
2022-12-12,475.0,,24064002
2022-12-13,471.5,,36028109
2022-12-14,480.5,,35263781
2022-12-15,480.5,,26001756
2022-12-16,471.0,,51707693
2022-12-19,466.5,,24231653
2022-12-20,457.5,,33181363
2022-12-21,459.0,,40831313
2022-12-22,468.0,,14519582
2022-12-23,455.0,,26724153
2022-12-26,456.5,,9152790
2022-12-27,457.0,,10486219
2022-12-28,451.0,,34823492
2022-12-29,446.0,,25596357
2022-12-30,448.5,,22297604
2023-01-03,453.0,,15311364
2023-01-04,449.5,,20626874
2023-01-05,458.5,,23972099
2023-01-06,458.5,,21313593
2023-01-09,481.0,,49186355
2023-01-10,486.0,,34785370
2023-01-11,484.5,,21749124
2023-01-12,486.5,,22416984
2023-01-13,500.0,,81848755
2023-01-16,505.0,,38781925
2023-01-17,503.0,,29443522
2023-01-30,543.0,,148413161
2023-01-31,522.0,,79212272
2023-02-01,530.0,,42539626
2023-02-02,540.0,,46523592
2023-02-03,542.0,,34156234
2023-02-06,526.0,,32208918
2023-02-07,523.0,,24362116
2023-02-08,540.0,,37633169
2023-02-09,540.0,,22311345
2023-02-10,545.0,,30445088
2023-02-13,541.0,,23903151
2023-02-14,545.0,,23855974
2023-02-15,525.0,,66068713
2023-02-16,528.0,,33509968
2023-02-17,518.0,,29673053
2023-02-20,517.0,,21181235
2023-02-21,516.0,,15097509
2023-02-22,507.0,,26578867
2023-02-23,518.0,,26801677
2023-02-24,511.0,,48372303
2023-03-01,522.0,,45971058
2023-03-02,519.0,,18017085
2023-03-03,516.0,,24117189
2023-03-06,521.0,,24741125
2023-03-07,524.0,,27650283
2023-03-08,521.0,,27077587
2023-03-09,522.0,,25639391
2023-03-10,513.0,,25572403
2023-03-13,516.0,,22568740
2023-03-14,510.0,,26599476
2023-03-15,511.0,,24080361
2023-03-16,505.0,,23325664
2023-03-17,518.0,,35872881
2023-03-20,512.0,,12752221
2023-03-21,517.0,,18519120
2023-03-22,533.0,,45681056
2023-03-23,538.0,,28614856
2023-03-24,539.0,,22963771
2023-03-27,531.0,,17170557
2023-03-28,525.0,,18327556
2023-03-29,530.0,,17620195
2023-03-30,535.0,,20380650
2023-03-31,533.0,,24324776
2023-04-06,530.0,,26706549
2023-04-07,531.0,,11114272
2023-04-10,529.0,,8203168
2023-04-11,524.0,,23087326
2023-04-12,520.0,,24772925
2023-04-13,510.0,,27501436
2023-04-14,516.0,,21174653
2023-04-17,520.0,,17895837
2023-04-18,515.0,,15687059
2023-04-19,510.0,,23209923
2023-04-20,513.0,,21002685
2023-04-21,511.0,,25440179
2023-04-24,507.0,,17579661
2023-04-25,498.0,,40916105
2023-04-26,491.5,,33174539
2023-04-27,493.5,,34149043
2023-04-28,502.0,,38812949
2023-05-02,501.0,,17142380
2023-05-03,496.0,,12694698
2023-05-04,498.0,,13699933
2023-05-05,500.0,,7898012
2023-05-08,504.0,,11737287
2023-05-09,510.0,,18762778
2023-05-10,503.0,,19385820
2023-05-11,499.0,,13775130
2023-05-12,496.0,,20746928
2023-05-15,495.5,,15548031
2023-05-16,505.0,,24052785
2023-05-17,519.0,,44352410
2023-05-18,530.0,,46107848
2023-05-19,532.0,,34742592
2023-05-22,531.0,,19037508
2023-05-23,530.0,,20126817
2023-05-24,525.0,,22621221
2023-05-25,543.0,,68360924
2023-05-26,566.0,,104924623
2023-05-29,568.0,,58813792
2023-05-30,566.0,,47490594
2023-05-31,558.0,,90675529
2023-06-01,551.0,,25257673
2023-06-02,562.0,,34705102
2023-06-05,555.0,,17483804
2023-06-06,560.0,,21562088
2023-06-07,568.0,,29091913
2023-06-08,559.0,,25250687
2023-06-09,565.0,,19776199
2023-06-12,574.0,,28656646
2023-06-13,593.0,,62671781
2023-06-14,590.0,,25981992
2023-06-15,591.0,,29868798
2023-06-16,589.0,,41560389
2023-06-19,583.0,,14883308
2023-06-20,583.0,,17013418
2023-06-21,581.0,,23718735
2023-06-26,574.0,,29870090
2023-06-27,572.0,,22447417
2023-06-28,574.0,,18684508
2023-06-29,573.0,,18046268
2023-06-30,576.0,,33830922
2023-07-03,579.0,,15118041
2023-07-04,585.0,,17777363
2023-07-05,582.0,,15553503
2023-07-06,565.0,,32069711
2023-07-07,565.0,,19858943
2023-07-10,565.0,,18996089
2023-07-11,577.0,,18566571
2023-07-12,578.0,,16220006
2023-07-13,585.0,,26878397
2023-07-14,591.0,,24381177
2023-07-17,591.0,,14311753
2023-07-18,581.0,,22022410
2023-07-19,581.0,,24909638
2023-07-20,579.0,,15676734
2023-07-21,560.0,,52275128
2023-07-24,558.0,,27656825
2023-07-25,569.0,,22767807
2023-07-26,566.0,,15147698
2023-07-27,569.0,,13004888
2023-07-28,567.0,,19009675
2023-07-31,565.0,,28409339
2023-08-01,567.0,,18916866
2023-08-02,561.0,,34495766
2023-08-04,554.0,,29320685
2023-08-07,558.0,,15607870
2023-08-08,552.0,,21167596
2023-08-09,554.0,,15088059
2023-08-10,551.0,,18884431
2023-08-11,546.0,,24816095
2023-08-14,541.0,,24728477
2023-08-15,542.0,,16341396
2023-08-16,542.0,,29612963
2023-08-17,544.0,,24070209
2023-08-18,539.0,,19582982
2023-08-21,537.0,,18313588
2023-08-22,541.0,,14853796
2023-08-23,552.0,,21701684
2023-08-24,564.0,,24409517
2023-08-25,546.0,,25782760
2023-08-28,549.0,,9384631
2023-08-29,552.0,,10969386
2023-08-30,555.0,,18674649
2023-08-31,549.0,,47265347
2023-09-01,548.0,,15194921
2023-09-04,557.0,,9772925
2023-09-05,552.0,,14337041
2023-09-06,550.0,,14442757
2023-09-07,542.0,,22610385
2023-09-08,539.0,,16702110
2023-09-11,536.0,,15540773
2023-09-12,544.0,,17135765
2023-09-13,541.0,,16836487
2023-09-14,550.0,,18377284
2023-09-15,558.0,,44681949
2023-09-18,540.0,,40148161
2023-09-19,538.0,,21099739
2023-09-20,535.0,,28098535
2023-09-21,527.0,,35984810
2023-09-22,522.0,,33499481
2023-09-25,525.0,,20583374
2023-09-26,519.0,,29064997
2023-09-27,522.0,,18655088
2023-09-28,523.0,,28350350
2023-10-02,533.0,,26891996
2023-10-03,529.0,,17601440
2023-10-04,520.0,,29808729
2023-10-05,528.0,,25749184
2023-10-06,532.0,,16160314
2023-10-11,544.0,,61670562
2023-10-12,550.0,,36350241
2023-10-13,553.0,,34704924
2023-10-16,545.0,,21867048
2023-10-17,551.0,,19462529
2023-10-18,540.0,,28848123
2023-10-19,546.0,,26999255
2023-10-20,556.0,,49143932
2023-10-23,544.0,,24172637
2023-10-24,544.0,,15761516
2023-10-25,544.0,,17137199
2023-10-26,531.0,,31682955
2023-10-27,533.0,,17050787
2023-10-30,532.0,,23299422
2023-10-31,529.0,,28073280
2023-11-01,528.0,,14028881
2023-11-02,547.0,,31075778
2023-11-03,549.0,,16673456
2023-11-06,550.0,,31297186
2023-11-07,555.0,,16990175
2023-11-08,556.0,,16780331
2023-11-09,557.0,,13649525
2023-11-10,557.0,,14105575
2023-11-13,571.0,,46556047
2023-11-14,572.0,,25366980
2023-11-15,581.0,,53122455
2023-11-16,583.0,,31059487
2023-11-17,580.0,,22878229
2023-11-20,577.0,,26606128
2023-11-21,585.0,,39880714
2023-11-22,577.0,,23922047
2023-11-23,578.0,,15143501
2023-11-24,575.0,,12503334
2023-11-27,568.0,,20321872
2023-11-28,575.0,,26932029
2023-11-29,574.0,,27786565
2023-11-30,577.0,,54365027
2023-12-01,579.0,,28797795
2023-12-04,574.0,,29424299
2023-12-05,570.0,,27355530
2023-12-06,570.0,,23116422
2023-12-07,566.0,,24259384
2023-12-08,570.0,,39243978
2023-12-11,574.0,,29204446
2023-12-12,578.0,,32856787
2023-12-13,577.0,,24327758
2023-12-14,582.0,,40580966
2023-12-15,585.0,,58693166
2023-12-18,585.0,,26938728
2023-12-19,585.0,,30591879
2023-12-20,585.0,,38628249
2023-12-21,577.0,,26007263
2023-12-22,582.0,,19328302
2023-12-25,581.0,,9994163
2023-12-26,586.0,,17033926
2023-12-27,592.0,,34750958
2023-12-28,593.0,,27152352
2023-12-29,593.0,,20155619
2024-01-02,593.0,,27997826
2024-01-03,578.0,,40134497
2024-01-04,580.0,,18063758
2024-01-05,576.0,,22008878
2024-01-08,583.0,,19270119
2024-01-09,586.0,,23718766
2024-01-10,584.0,,13708117
2024-01-11,586.0,,27842729
2024-01-12,584.0,,17636558
2024-01-15,586.0,,21900687
2024-01-16,580.0,,28889681
2024-01-17,581.0,,46857735
2024-01-18,588.0,,36746623
2024-01-19,626.0,,176166037
2024-01-22,626.0,,70829523
2024-01-23,628.0,,45761889
2024-01-24,627.0,,29905121
2024-01-25,642.0,,59214638
2024-01-26,644.0,,44103850
2024-01-29,648.0,,29828008
2024-01-30,642.0,,40398877
2024-01-31,628.0,,47554701
2024-02-01,628.0,,46924943
2024-02-02,635.0,,27797894
2024-02-05,646.0,,48037344
2024-02-15,697.0,,132263803
2024-02-16,683.0,,48963167
2024-02-19,678.0,,36366837
2024-02-20,687.0,,31403730
2024-02-21,681.0,,31980543
2024-02-22,692.0,,34269392
2024-02-23,697.0,,48404478
2024-02-26,698.0,,29976379
2024-02-27,698.0,,35389548
2024-02-29,690.0,,59337072
2024-03-01,689.0,,24167721
2024-03-04,725.0,,97210112
2024-03-05,730.0,,73299411
2024-03-06,735.0,,52464833
2024-03-07,760.0,,80382406
2024-03-08,784.0,,98069174
2024-03-11,766.0,,73436931
2024-03-12,770.0,,63336798
2024-03-13,779.0,,43130896
2024-03-14,784.0,,48964017
2024-03-15,753.0,,80580846
2024-03-18,764.0,,46006400
2024-03-19,762.0,,32078900
2024-03-20,758.0,,48788389
2024-03-21,784.0,,47759094
2024-03-22,785.0,,32629749
2024-03-25,780.0,,21223414
2024-03-26,782.0,,43103294
2024-03-27,779.0,,19732209
2024-03-28,769.0,,28393398
2024-03-29,779.0,,20212820
2024-04-01,770.0,,22348250
2024-04-02,790.0,,42219075
2024-04-03,780.0,,32909892
2024-04-08,783.0,,40567580
2024-04-09,819.0,,61642573
2024-04-10,815.0,,31109466
2024-04-11,820.0,,27772972
2024-04-12,818.0,,32473155
2024-04-15,806.0,,41251141
2024-04-16,788.0,,54120813
2024-04-17,804.0,,36616351
2024-04-18,804.0,,45765617
2024-04-19,750.0,,143868560
2024-04-22,742.0,,52354944
2024-04-23,754.0,,32067682
2024-04-24,783.0,,41652749
2024-04-25,766.0,,30492037
2024-04-26,782.0,,34721905
2024-04-29,795.0,,30704200
2024-04-30,790.0,,41627249
2024-05-02,772.0,,47536363
2024-05-03,780.0,,31026748
2024-05-06,786.0,,33733509
2024-05-07,800.0,,35917824
2024-05-08,802.0,,22585765
2024-05-09,796.0,,22863681
2024-05-10,802.0,,27560431
2024-05-13,819.0,,38146948
2024-05-14,825.0,,29663617
2024-05-15,839.0,,41805778
2024-05-16,841.0,,46276890
2024-05-17,835.0,,27855719
2024-05-20,835.0,,30148330
2024-05-21,841.0,,20548110
2024-05-22,864.0,,40904357
2024-05-23,875.0,,40771207
2024-05-24,867.0,,37353467
2024-05-27,869.0,,32691921
2024-05-28,865.0,,32712504
2024-05-29,857.0,,51073346
2024-05-30,838.0,,42535118
2024-05-31,821.0,,90177283
2024-06-03,846.0,,29629706
2024-06-04,839.0,,31031104
2024-06-05,854.0,,37531781
2024-06-06,894.0,,67300344
2024-06-07,879.0,,44489018
2024-06-11,883.0,,57435637
2024-06-12,909.0,,51874967
2024-06-13,919.0,,59656092
2024-06-14,922.0,,43289572
2024-06-17,921.0,,28796529
2024-06-18,943.0,,40870419
2024-06-19,981.0,,76684138
2024-06-20,981.0,,52144900
2024-06-21,970.0,,97995843
2024-06-24,940.0,,74081708
2024-06-25,945.0,,62079701
2024-06-26,960.0,,48821135
2024-06-27,960.0,,41276086
2024-06-28,966.0,,42998776
2024-07-01,968.0,,20936005
2024-07-02,960.0,,27992930
2024-07-03,979.0,,25022531
2024-07-04,1005.0,,47251502
2024-07-05,1005.0,,21735614
2024-07-08,1035.0,,45678332
2024-07-09,1040.0,,54339957
2024-07-10,1045.0,,51810372
2024-07-11,1080.0,,49304453
2024-07-12,1040.0,,79472761
2024-07-15,1040.0,,44123104
2024-07-16,1055.0,,36244442
2024-07-17,1030.0,,62390596
2024-07-18,1005.0,,94327431
2024-07-19,970.0,,110541544
2024-07-22,939.0,,90266550
2024-07-23,979.0,,53439290
2024-07-26,924.0,,95625050
2024-07-29,944.0,,44000914
2024-07-30,940.0,,45996400
2024-07-31,934.0,,47407263
2024-08-01,960.0,,50257642
2024-08-02,903.0,,89044852
2024-08-05,815.0,,159662795
2024-08-06,880.0,,108521787
2024-08-07,920.0,,62643163
2024-08-08,896.0,,41288222
2024-08-09,934.0,,54464183
2024-08-12,940.0,,40968742
2024-08-13,941.0,,26831364
2024-08-14,948.0,,40527779
2024-08-15,943.0,,21714163
2024-08-16,969.0,,49830670
2024-08-19,973.0,,22416274
2024-08-20,973.0,,26420625
2024-08-21,958.0,,32606816
2024-08-22,951.0,,25850379
2024-08-23,949.0,,31203321
2024-08-26,950.0,,26518126
2024-08-27,942.0,,19969925
2024-08-28,964.0,,33519083
2024-08-29,943.0,,46275772
2024-08-30,944.0,,75533393
2024-09-02,948.0,,19272593
2024-09-03,940.0,,23205623
2024-09-04,889.0,,93169835
2024-09-05,902.0,,34147890
2024-09-06,918.0,,28248063
2024-09-09,899.0,,38448946
2024-09-10,904.0,,34312646
2024-09-11,901.0,,19513256
2024-09-12,940.0,,43749260
2024-09-13,947.0,,28307441
2024-09-16,947.0,,14456888
2024-09-18,941.0,,30094662
2024-09-19,960.0,,35254383
2024-09-20,973.0,,66762167
2024-09-23,977.0,,15399658
2024-09-24,987.0,,29324170
2024-09-25,1005.0,,43039991
2024-09-26,1015.0,,43341810
2024-09-27,1000.0,,37665070
2024-09-30,957.0,,66874949
2024-10-01,972.0,,27877267
2024-10-04,977.0,,43765757
2024-10-07,1005.0,,43850831
2024-10-08,1010.0,,35344059
2024-10-09,1020.0,,53208610
2024-10-11,1045.0,,47776351
2024-10-14,1045.0,,39906157
2024-10-15,1070.0,,52066470
2024-10-16,1045.0,,60312846
2024-10-17,1035.0,,56618332
2024-10-18,1085.0,,91036335
2024-10-21,1085.0,,42094031
2024-10-22,1075.0,,43740591
2024-10-23,1060.0,,32895421
2024-10-24,1060.0,,40791484
2024-10-25,1065.0,,23347890
2024-10-28,1050.0,,41665065
2024-10-29,1040.0,,48097705
2024-10-30,1030.0,,40765247
2024-11-01,1025.0,,61545741
2024-11-04,1040.0,,28225506
2024-11-05,1050.0,,33407780
2024-11-06,1060.0,,59404980
2024-11-07,1065.0,,46030563
2024-11-08,1090.0,,38840413
2024-11-11,1085.0,,36630666
2024-11-12,1050.0,,54098799
2024-11-13,1035.0,,46420969
2024-11-14,1035.0,,49328914
2024-11-15,1035.0,,37405855
2024-11-18,1025.0,,33583180
2024-11-19,1040.0,,25497606
2024-11-20,1025.0,,40203197
2024-11-21,1010.0,,44679981
2024-11-22,1040.0,,32509453
2024-11-25,1030.0,,54443912
2024-11-26,1010.0,,31309332
2024-11-27,1000.0,,34602143
2024-11-28,1005.0,,37166049
2024-11-29,996.0,,43621329
2024-12-02,1035.0,,33333423
2024-12-03,1055.0,,48632084
2024-12-04,1070.0,,35431584
2024-12-05,1075.0,,41293183
2024-12-06,1065.0,,32090124
2024-12-09,1075.0,,30255281
2024-12-10,1065.0,,32359253
2024-12-11,1045.0,,26948940
2024-12-12,1060.0,,26574460
2024-12-13,1065.0,,24329785
2024-12-16,1085.0,,43679921
2024-12-17,1075.0,,40033595
2024-12-18,1085.0,,47331164
2024-12-19,1070.0,,46126529
2024-12-20,1035.0,,56392109
2024-12-23,1080.0,,32800319
2024-12-24,1080.0,,30069757
2024-12-25,1085.0,,16186220
2024-12-26,1085.0,,15017636
2024-12-27,1090.0,,26151993
2024-12-30,1090.0,,27437455
2024-12-31,1075.0,,29239004
2025-01-02,1065.0,,45045125
2025-01-03,1075.0,,31244211
2025-01-06,1125.0,,77874801
2025-01-07,1130.0,,54691485
2025-01-08,1105.0,,49181518
2025-01-09,1100.0,,29916198
2025-01-10,1100.0,,24475751
2025-01-13,1075.0,,62629547
2025-01-14,1090.0,,31280235
2025-01-15,1065.0,,37966582
2025-01-16,1105.0,,49872673
2025-01-17,1120.0,,60857371
2025-01-20,1120.0,,32062171
2025-01-21,1120.0,,24368832
2025-01-22,1135.0,,45996696
2025-02-03,1070.0,,113031525
2025-02-04,1095.0,,57904652
2025-02-05,1110.0,,43082532
2025-02-06,1115.0,,33768196
2025-02-07,1125.0,,31107545
2025-02-10,1105.0,,31037109
2025-02-11,1110.0,,21023057
2025-02-12,1100.0,,26190392
2025-02-13,1090.0,,35681521
2025-02-14,1060.0,,73417323
2025-02-17,1085.0,,37215861
2025-02-18,1100.0,,24018940
2025-02-19,1090.0,,28756849
2025-02-20,1080.0,,31108197
2025-02-21,1095.0,,31480715
2025-02-24,1075.0,,33837606
2025-02-25,1055.0,,53174277
2025-02-26,1060.0,,42921499
2025-02-27,1040.0,,61646900
2025-03-03,1020.0,,73279419
2025-03-04,1000.0,,70879417
2025-03-05,1020.0,,45086222
2025-03-06,1005.0,,49318590
2025-03-07,1005.0,,50358724
2025-03-10,998.0,,55410836
2025-03-11,971.0,,58764791
2025-03-12,988.0,,38527201
2025-03-13,965.0,,42915696
2025-03-14,959.0,,42394920
2025-03-17,970.0,,35012870
2025-03-18,971.0,,25716157
2025-03-19,952.0,,43493556
2025-03-20,985.0,,31993556
2025-03-21,972.0,,46869716
2025-03-24,972.0,,16866075
2025-03-25,990.0,,28306040
2025-03-26,980.0,,25939071
2025-03-27,958.0,,44589770
2025-03-28,952.0,,37802947
2025-03-31,910.0,,59733510
2025-04-01,944.0,,33673400
2025-04-02,942.0,,28201820
2025-04-07,848.0,,37652704
2025-04-08,816.0,,136580582
2025-04-09,785.0,,122044966
2025-04-10,863.0,,28397160
2025-04-11,889.0,,81264878
2025-04-14,865.0,,72625129
2025-04-15,877.0,,35642588
2025-04-16,855.0,,47199014
2025-04-17,847.0,,36449601
2025-04-18,850.0,,23249139
2025-04-21,835.0,,20672773
2025-04-22,816.0,,32057642
2025-04-23,873.0,,40685613
2025-04-24,864.0,,34499991
2025-04-25,888.0,,39651775
2025-04-28,897.0,,25396543
2025-04-29,902.0,,31146996
2025-04-30,908.0,,39204833
2025-05-02,950.0,,48129292
2025-05-05,938.0,,56516129
2025-05-06,920.0,,43358708
2025-05-07,928.0,,39021595
2025-05-08,918.0,,30777988
2025-05-09,949.0,,40878730
2025-05-12,957.0,,25668469
2025-05-13,969.0,,50960522
2025-05-14,999.0,,55061671
2025-05-15,993.0,,28518212
2025-05-16,998.0,,18079325
2025-05-19,984.0,,21936885
2025-05-20,978.0,,24317788
2025-05-21,990.0,,27677478
2025-05-22,982.0,,19671417
2025-05-23,984.0,,23744132
2025-05-26,976.0,,20906797
2025-05-27,965.0,,29843876
2025-05-28,967.0,,31929816
2025-05-29,967.0,,64850290
2025-06-02,946.0,,40608468
2025-06-03,950.0,,27482916
2025-06-04,990.0,,43196396
2025-06-05,998.0,,27047750
2025-06-06,995.0,,18797346
2025-06-09,1005.0,,23952041
2025-06-10,1045.0,,55353908
2025-06-11,1065.0,,46137188
2025-06-12,1045.0,,28661875
2025-06-13,1030.0,,31371948
2025-06-16,1025.0,,31257555
2025-06-17,1045.0,,30890431
2025-06-18,1055.0,,41740374
2025-06-19,1035.0,,25354905
2025-06-20,1055.0,,67241164
2025-06-23,1020.0,,33543038
2025-06-24,1050.0,,30105394
2025-06-25,1070.0,,44519173
2025-06-26,1075.0,,39534708
2025-06-27,1080.0,,34877892
2025-06-30,1060.0,,35763093
2025-07-01,1085.0,,52818889
2025-07-02,1085.0,,24453697
2025-07-03,1090.0,,39719503
2025-07-04,1085.0,,23556842
2025-07-07,1080.0,,19949311
2025-07-08,1080.0,,29944918
2025-07-09,1090.0,,25899845
2025-07-10,1100.0,,23947482
2025-07-11,1100.0,,30615792
2025-07-14,1095.0,,29975913
2025-07-15,1110.0,,49458466
2025-07-16,1130.0,,34513639
2025-07-17,1130.0,,36971364
2025-07-18,1155.0,,50467755
2025-07-21,1150.0,,32374260
2025-07-22,1130.0,,54933274
2025-07-23,1145.0,,31360184
2025-07-24,1145.0,,16038287
2025-07-25,1145.0,,23026843
2025-07-28,1145.0,,23153187
2025-07-29,1135.0,,41471548
2025-07-30,1155.0,,37445435
2025-07-31,1160.0,,35986507
2025-08-01,1140.0,,45352225
2025-08-04,1135.0,,25256974
2025-08-05,1150.0,,20695955
2025-08-06,1125.0,,24015506
2025-08-07,1180.0,,64965686
2025-08-08,1175.0,,27434505
2025-08-11,1180.0,,37435809
2025-08-12,1180.0,,30137118
2025-08-13,1200.0,,39708109
2025-08-14,1175.0,,35269337
2025-08-15,1180.0,,23577178
2025-08-18,1180.0,,21182611
2025-08-19,1185.0,,22439999
2025-08-20,1135.0,,73148689
2025-08-21,1150.0,,25030476
2025-08-22,1135.0,,20220071
2025-08-25,1170.0,,27470807
2025-08-26,1175.0,,39495275
2025-08-27,1190.0,,23824689
2025-08-28,1160.0,,20960787
2025-08-29,1160.0,,21820054
2025-09-01,1165.0,,23022319
2025-09-02,1160.0,,14994018
2025-09-03,1160.0,,20211322
2025-09-04,1160.0,,25311450
2025-09-05,1180.0,,27931124
2025-09-08,1180.0,,28393035
2025-09-09,1200.0,,35720097
2025-09-10,1225.0,,43516678
2025-09-11,1240.0,,34811140
2025-09-12,1260.0,,28224895
2025-09-15,1255.0,,26019117
2025-09-16,1280.0,,42279997
2025-09-17,1265.0,,32019276
2025-09-18,1285.0,,26442220
2025-09-19,1265.0,,48894096
2025-09-22,1295.0,,30411595
2025-09-23,1340.0,,37523254
2025-09-24,1340.0,,47820358
2025-09-25,1320.0,,27800815
2025-09-26,1300.0,,29378983
2025-09-30,1305.0,,44853467
2025-10-01,1325.0,,36184828
2025-10-02,1365.0,,32693509
2025-10-03,1400.0,,34379158
2025-10-07,1435.0,,42424519
2025-10-08,1415.0,,27708676
2025-10-09,1440.0,,42507551
2025-10-13,1415.0,,60321869
2025-10-14,1425.0,,44821332
2025-10-15,1465.0,,45432176
2025-10-16,1485.0,,42490828
2025-10-17,1450.0,,43864962
2025-10-20,1480.0,,34972122
2025-10-21,1480.0,,37067269
2025-10-22,1460.0,,30679057
2025-10-23,1450.0,,26134949
2025-10-27,1480.0,,36024098
2025-10-28,1475.0,,35135504
2025-10-29,1505.0,,32775105
2025-10-30,1505.0,,30058497
2025-10-31,1500.0,,33838761
2025-11-03,1510.0,,30913479
2025-11-04,1505.0,,35922791
2025-11-05,1460.0,,63423241
2025-11-06,1465.0,,29955147
2025-11-07,1460.0,,23551721
2025-11-10,1475.0,,26579263
2025-11-11,1465.0,,24857058
2025-11-12,1475.0,,25998385
2025-11-13,1460.0,,23920639
2025-11-14,1430.0,,32778804
2025-11-17,1445.0,,34872653
2025-11-18,1405.0,,49856799
2025-11-19,1395.0,,42661060
2025-11-20,1455.0,,28295025
2025-11-21,1385.0,,64673494
2025-11-24,1375.0,,88861648
2025-11-25,1415.0,,31006765
2025-11-26,1440.0,,31659935
2025-11-27,1435.0,,24202285
2025-11-28,1440.0,,26130506
2025-12-01,1410.0,,33722188
2025-12-02,1430.0,,27923064
2025-12-03,1450.0,,25462840
2025-12-04,1445.0,,21934952
2025-12-05,1460.0,,22539737
2025-12-08,1495.0,,27405663
2025-12-09,1480.0,,27555343
2025-12-10,1505.0,,26387641
2025-12-11,1470.0,,31820417
2025-12-12,1480.0,29.6942389658158,24025183
2025-12-12,1480.0,,
2025-12-15,,,0
